Source;Target
AB.AA.000;AB.BB.001
AB.AA.000;AB.BB.002
AB.AA.000;AB.BB.003
AB.AA.000;AB.BB.004
AB.AA.000;AB.BB.005
AB.AA.000;AB.BB.006
AB.AA.000;AB.BB.007
AB.AA.000;AB.BB.008
AB.AA.000;AB.BB.009
AB.AA.000;AB.BB.010
AB.AA.000;AB.CC.001
AB.AA.000;AB.CC.002
AB.AA.000;AB.CC.003
AB.AA.000;AB.CC.004
AB.AA.000;AB.CC.005
AB.AA.000;AB.CC.006
AB.AA.000;AB.CC.007
AB.AA.000;AB.DD.001
AB.AA.000;AB.DD.002
AB.AA.000;AB.DD.003
AB.AA.000;AB.DD.004
AB.AA.000;AB.DD.005
AB.AA.000;AB.DD.006
AB.AA.000;AB.DD.007
AB.AA.000;AB.DD.008
AB.AA.000;AB.EE.001
AB.AA.000;AB.EE.002
AB.AA.000;AB.FF.001
AB.AA.000;AB.FF.002
AB.AA.000;AB.FF.003
AB.AA.000;AB.FF.004
AB.AA.000;AB.GG.002
AB.AA.000;AB.GG.003
AB.AA.000;AB.GG.004
AB.AA.000;AB.GG.005
AB.AA.000;AB.GG.006
AB.AA.000;DS.JJ.002
AB.AA.000;PS.GG.019
AB.BB.001;AB.BB.002
AB.BB.001;AB.BB.005
AB.BB.001;AB.CC.001
AB.BB.001;AB.DD.001
AB.BB.001;AB.DD.006
AB.BB.001;BD.EE.005
AB.BB.001;BD.HH.001
AB.BB.001;DS.KK.005
AB.BB.001;ER.AA.000
AB.BB.001;HB.AA.007
AB.BB.001;HB.AA.010
AB.BB.001;KD.JJ.004
AB.BB.001;TS.AA.000
AB.BB.002;AB.BB.003
AB.BB.002;AB.BB.004
AB.BB.002;AB.BB.005
AB.BB.002;AB.BB.006
AB.BB.002;AB.BB.007
AB.BB.002;AB.BB.008
AB.BB.002;AB.BB.009
AB.BB.002;AB.BB.010
AB.BB.003;AB.BB.004
AB.BB.003;AB.GG.006
AB.BB.003;BM.AA.000
AB.BB.003;BM.CC.004
AB.BB.003;HB.AA.008
AB.BB.003;IS.CC.006
AB.BB.003;KD.II.001
AB.BB.003;KD.JJ.007
AB.BB.003;KD.JJ.008
AB.BB.003;LD.AA.000
AB.BB.003;PS.AA.000
AB.BB.003;TL.II.012
AB.BB.004;AB.BB.003
AB.BB.004;AB.DD.006
AB.BB.004;BD.CC.001
AB.BB.004;BD.CC.005
AB.BB.004;BD.HH.006
AB.BB.004;KD.CC.008
AB.BB.004;KD.GG.002
AB.BB.004;KD.GG.005
AB.BB.004;KD.II.003
AB.BB.004;TL.DD.005
AB.BB.004;TL.HH.003
AB.BB.005;AB.BB.003
AB.BB.005;AB.CC.003
AB.BB.005;AB.DD.002
AB.BB.005;HB.AA.008
AB.BB.005;HB.AA.009
AB.BB.005;KD.JJ.007
AB.BB.005;TS.AA.005
AB.BB.006;AB.BB.003
AB.BB.006;AB.BB.007
AB.BB.006;AB.BB.008
AB.BB.006;AB.BB.009
AB.BB.006;AB.BB.010
AB.BB.006;LD.AA.009
AB.BB.006;LD.GG.002
AB.BB.006;TL.BB.003
AB.BB.006;TL.HH.003
AB.BB.007;AB.BB.006
AB.BB.007;AB.BB.008
AB.BB.007;AB.DD.006
AB.BB.007;BC.AA.000
AB.BB.007;KD.GG.006
AB.BB.007;PS.JJ.003
AB.BB.008;AB.BB.002
AB.BB.008;AB.BB.003
AB.BB.008;AB.BB.005
AB.BB.008;AB.BB.006
AB.BB.008;AB.BB.007
AB.BB.008;AB.BB.009
AB.BB.008;AB.CC.002
AB.BB.008;AB.DD.006
AB.BB.008;HB.AA.008
AB.BB.008;HB.AA.009
AB.BB.008;IS.CC.005
AB.BB.008;KD.DD.002
AB.BB.008;PS.GG.008
AB.BB.008;PS.HH.003
AB.BB.008;TL.DD.005
AB.BB.009;AB.BB.008
AB.BB.009;AB.DD.004
AB.BB.009;AB.DD.005
AB.BB.009;AB.DD.008
AB.BB.009;AB.FF.002
AB.BB.009;AB.GG.004
AB.BB.009;BD.II.002
AB.BB.009;BM.AA.007
AB.BB.009;BM.AA.014
AB.BB.009;KD.DD.002
AB.BB.009;TL.EE.007
AB.BB.009;TL.EE.008
AB.BB.009;TL.EE.011
AB.BB.009;TS.AA.011
AB.BB.010;AB.BB.005
AB.BB.010;AB.GG.003
AB.BB.010;BD.JJ.002
AB.BB.010;BM.DD.006
AB.BB.010;KD.EE.002
AB.BB.010;MS.BB.001
AB.BB.010;SI.AA.001
AB.BB.010;TL.DD.002
AB.BB.010;TL.GG.009
AB.BB.010;TL.HH.004
AB.BB.010;TL.HH.008
AB.BB.010;TS.AA.005
AB.BB.010;TS.AA.010
AB.CC.001;AB.CC.002
AB.CC.001;AB.CC.005
AB.CC.001;AB.CC.006
AB.CC.001;AB.CC.007
AB.CC.001;DS.JJ.002
AB.CC.002;AB.BB.003
AB.CC.002;AB.BB.005
AB.CC.002;AB.CC.003
AB.CC.002;AB.DD.007
AB.CC.002;AB.FF.002
AB.CC.002;DS.JJ.002
AB.CC.002;HB.AA.002
AB.CC.002;KD.DD.003
AB.CC.002;KD.EE.002
AB.CC.002;KD.JJ.007
AB.CC.002;PS.EE.002
AB.CC.003;AB.BB.003
AB.CC.003;AB.BB.005
AB.CC.003;AB.BB.008
AB.CC.003;AB.CC.004
AB.CC.003;AB.CC.005
AB.CC.003;AB.CC.007
AB.CC.003;IS.CC.005
AB.CC.003;LD.BB.004
AB.CC.003;TL.CC.003
AB.CC.003;TL.DD.005
AB.CC.003;TS.AA.005
AB.CC.004;AB.BB.006
AB.CC.004;AB.CC.003
AB.CC.004;AB.CC.005
AB.CC.004;AB.FF.002
AB.CC.004;AB.GG.002
AB.CC.004;BM.AA.007
AB.CC.004;BM.BB.001
AB.CC.004;PS.FF.003
AB.CC.004;TS.AA.005
AB.CC.004;TS.AA.010
AB.CC.005;AB.BB.005
AB.CC.005;AB.CC.003
AB.CC.005;AB.CC.006
AB.CC.005;AB.DD.008
AB.CC.005;CH.AA.001
AB.CC.005;KD.BB.006
AB.CC.005;KD.JJ.004
AB.CC.005;KD.JJ.007
AB.CC.005;LD.CC.007
AB.CC.005;TL.II.009
AB.CC.005;TS.AA.000
AB.CC.005;TS.AA.005
AB.CC.005;TS.AA.006
AB.CC.006;AB.BB.005
AB.CC.006;AB.CC.005
AB.CC.006;AB.CC.007
AB.CC.007;AB.CC.003
AB.CC.007;BM.AA.008
AB.CC.007;BM.BB.001
AB.CC.007;HB.AA.008
AB.CC.007;KD.HH.003
AB.CC.007;KD.JJ.007
AB.CC.007;TL.DD.005
AB.CC.007;TL.EE.011
AB.CC.007;TS.AA.005
AB.DD.001;AB.DD.002
AB.DD.001;AB.DD.003
AB.DD.001;AB.DD.004
AB.DD.001;AB.DD.005
AB.DD.001;AB.DD.006
AB.DD.001;AB.DD.007
AB.DD.001;AB.DD.008
AB.DD.001;PS.GG.019
AB.DD.001;TL.LL.001
AB.DD.002;AB.BB.005
AB.DD.002;AB.DD.004
AB.DD.002;AB.DD.007
AB.DD.002;AB.DD.008
AB.DD.002;AB.GG.005
AB.DD.002;DS.BB.006
AB.DD.002;KD.GG.006
AB.DD.002;PS.FF.003
AB.DD.003;AB.DD.005
AB.DD.003;BD.AA.007
AB.DD.003;DS.BB.006
AB.DD.003;KD.GG.006
AB.DD.003;LD.GG.009
AB.DD.003;PS.JJ.003
AB.DD.004;AB.CC.003
AB.DD.004;AB.DD.005
AB.DD.004;AB.DD.007
AB.DD.004;AB.FF.002
AB.DD.004;DS.BB.001
AB.DD.004;DS.BB.002
AB.DD.004;LD.GG.001
AB.DD.004;TL.BB.004
AB.DD.005;AB.CC.002
AB.DD.005;AB.DD.002
AB.DD.005;AB.DD.004
AB.DD.005;AB.DD.007
AB.DD.005;AB.DD.008
AB.DD.005;AB.GG.004
AB.DD.005;BD.AA.004
AB.DD.005;BD.HH.005
AB.DD.005;BM.AA.000
AB.DD.005;BM.AA.006
AB.DD.005;DS.BB.006
AB.DD.005;DS.EE.001
AB.DD.005;KD.DD.003
AB.DD.005;PS.FF.003
AB.DD.005;PS.HH.004
AB.DD.005;SI.BB.001
AB.DD.005;TL.BB.004
AB.DD.005;TL.GG.002
AB.DD.005;TL.JJ.003
AB.DD.006;AB.BB.008
AB.DD.006;AB.DD.002
AB.DD.006;AB.DD.004
AB.DD.006;AB.DD.007
AB.DD.006;AB.EE.002
AB.DD.006;AB.GG.005
AB.DD.006;BM.AA.013
AB.DD.006;DS.BB.006
AB.DD.006;KD.GG.006
AB.DD.006;PS.GG.019
AB.DD.007;AB.DD.001
AB.DD.007;AB.DD.005
AB.DD.007;AB.DD.006
AB.DD.007;BD.HH.006
AB.DD.007;DS.BB.001
AB.DD.007;DS.BB.004
AB.DD.007;DS.HH.002
AB.DD.007;KD.GG.006
AB.DD.007;LD.GG.001
AB.DD.007;LD.GG.002
AB.DD.008;AB.BB.008
AB.DD.008;AB.DD.004
AB.DD.008;AB.DD.005
AB.DD.008;DS.BB.006
AB.DD.008;DS.EE.001
AB.DD.008;IS.CC.003
AB.DD.008;LD.GG.004
AB.DD.008;PS.CC.003
AB.DD.008;PS.HH.004
AB.DD.008;PS.II.009
AB.DD.008;PS.JJ.004
AB.DD.008;TL.EE.010
AB.EE.001;AB.DD.006
AB.EE.001;AB.EE.002
AB.EE.001;MR.AA.006
AB.EE.002;AB.DD.002
AB.EE.002;AB.DD.006
AB.EE.002;BD.HH.004
AB.EE.002;BD.HH.006
AB.EE.002;DS.BB.006
AB.EE.002;KD.GG.006
AB.EE.002;LD.GG.001
AB.EE.002;MR.AA.006
AB.FF.001;AB.AA.000
AB.FF.001;AB.DD.006
AB.FF.001;AB.FF.002
AB.FF.001;AB.FF.003
AB.FF.001;AB.FF.004
AB.FF.001;DS.AA.002
AB.FF.002;AB.AA.000
AB.FF.002;AB.BB.002
AB.FF.002;AB.DD.004
AB.FF.002;AB.DD.005
AB.FF.002;AB.DD.006
AB.FF.002;AB.DD.007
AB.FF.002;BD.BB.001
AB.FF.002;BD.CC.002
AB.FF.002;BD.HH.001
AB.FF.002;BD.II.002
AB.FF.002;DS.KK.003
AB.FF.002;LD.GG.001
AB.FF.002;TL.BB.000
AB.FF.003;AB.GG.004
AB.FF.003;DD.AA.001
AB.FF.003;QD.AA.000
AB.FF.004;AB.DD.001
AB.FF.004;BD.BB.001
AB.FF.004;QD.AA.000
AB.FF.004;TL.LL.005
AB.GG.002;AB.BB.009
AB.GG.002;BD.AA.007
AB.GG.002;MS.BB.001
AB.GG.002;SI.BB.002
AB.GG.002;TL.DD.002
AB.GG.002;TL.GG.003
AB.GG.002;TS.AA.005
AB.GG.002;TS.AA.009
AB.GG.003;AB.GG.002
AB.GG.003;BC.AA.001
AB.GG.003;KD.FF.010
AB.GG.003;MS.BB.001
AB.GG.003;TL.EE.009
AB.GG.003;TL.GG.009
AB.GG.003;TS.AA.005
AB.GG.004;AB.BB.008
AB.GG.004;BD.BB.001
AB.GG.004;BD.FF.004
AB.GG.004;BD.HH.001
AB.GG.004;CH.AA.000
AB.GG.004;DD.AA.001
AB.GG.004;DD.AA.005
AB.GG.004;DS.BB.001
AB.GG.004;HB.AA.000
AB.GG.004;KD.DD.002
AB.GG.004;KD.FF.003
AB.GG.004;KD.GG.001
AB.GG.004;KD.JJ.001
AB.GG.004;KD.JJ.009
AB.GG.004;KD.LL.002
AB.GG.004;LD.AA.000
AB.GG.004;MS.CC.001
AB.GG.004;PS.BB.009
AB.GG.004;PS.DD.007
AB.GG.004;PS.FF.003
AB.GG.004;PS.GG.019
AB.GG.004;QD.CC.003
AB.GG.004;SI.AA.010
AB.GG.004;TL.BB.003
AB.GG.004;TL.HH.004
AB.GG.005;AB.BB.001
AB.GG.005;AB.GG.004
AB.GG.005;BD.HH.003
AB.GG.005;BD.JJ.002
AB.GG.005;KD.AA.001
AB.GG.005;KD.AA.002
AB.GG.005;KD.JJ.009
AB.GG.005;LD.AA.000
AB.GG.005;TL.KK.001
AB.GG.006;AB.BB.003
AB.GG.006;AB.BB.007
AB.GG.006;AB.CC.004
AB.GG.006;BD.DD.005
AB.GG.006;CH.BB.002
AB.GG.006;FT.HH.001
AB.GG.006;HB.AA.015
AB.GG.006;KD.DD.002
AB.GG.006;KD.JJ.007
AB.GG.006;KD.JJ.008
AB.GG.006;KD.JJ.009
AB.GG.006;TS.AA.011
BA.AA.000;BA.AA.001
BA.AA.000;BA.AA.002
BA.AA.000;BA.AA.003
BA.AA.000;BA.AA.004
BA.AA.000;BA.AA.005
BA.AA.000;BM.CC.002
BA.AA.000;BM.CC.003
BA.AA.000;CH.AA.000
BA.AA.000;CH.AA.001
BA.AA.000;CH.AA.004
BA.AA.000;ER.EE.002
BA.AA.000;ER.EE.003
BA.AA.000;ER.EE.005
BA.AA.000;ER.EE.006
BA.AA.000;ER.EE.007
BA.AA.000;IS.BB.001
BA.AA.000;MR.AA.002
BA.AA.000;PS.CC.002
BA.AA.001;BA.AA.005
BA.AA.001;DS.FF.004
BA.AA.001;ER.BB.003
BA.AA.001;HB.AA.007
BA.AA.001;KD.JJ.002
BA.AA.001;KD.JJ.007
BA.AA.001;PS.BB.009
BA.AA.001;PS.GG.006
BA.AA.001;PS.II.007
BA.AA.001;SI.AA.001
BA.AA.001;TL.II.002
BA.AA.001;TL.II.007
BA.AA.001;TL.II.008
BA.AA.002;CH.BB.001
BA.AA.002;CH.BB.003
BA.AA.002;CH.BB.004
BA.AA.002;IS.CC.004
BA.AA.002;KD.JJ.004
BA.AA.002;PS.AA.000
BA.AA.002;TL.II.008
BA.AA.002;TL.II.010
BA.AA.003;BA.AA.002
BA.AA.003;IS.BB.002
BA.AA.003;MR.AA.002
BA.AA.003;PS.CC.003
BA.AA.003;PS.EE.002
BA.AA.003;TL.II.006
BA.AA.003;TL.II.007
BA.AA.003;TL.II.008
BA.AA.003;TL.II.009
BA.AA.004;BA.AA.000
BA.AA.004;BA.AA.003
BA.AA.004;CH.BB.003
BA.AA.004;CH.BB.005
BA.AA.004;CH.BB.006
BA.AA.004;IS.BB.003
BA.AA.004;IS.BB.004
BA.AA.004;IS.CC.004
BA.AA.004;KD.LL.003
BA.AA.004;PS.II.003
BA.AA.004;TL.II.002
BA.AA.004;TL.II.008
BA.AA.004;TL.II.012
BA.AA.004;TS.AA.011
BA.AA.005;BA.AA.003
BA.AA.005;BA.AA.004
BA.AA.005;ER.CC.001
BA.AA.005;IS.BB.010
BA.AA.005;IS.CC.004
BA.AA.005;KD.JJ.006
BA.AA.005;PS.CC.002
BA.AA.005;PS.EE.004
BA.AA.005;TL.II.002
BA.AA.005;TL.II.007
BA.AA.005;TS.AA.011
BC.AA.000;BC.AA.001
BC.AA.000;BC.AA.002
BC.AA.000;BC.AA.003
BC.AA.000;BC.AA.004
BC.AA.000;BC.AA.005
BC.AA.000;BC.AA.006
BC.AA.001;AB.BB.009
BC.AA.001;BC.AA.003
BC.AA.001;KD.HH.008
BC.AA.001;TL.BB.003
BC.AA.002;AB.BB.009
BC.AA.002;AB.DD.004
BC.AA.003;AB.BB.009
BC.AA.003;BC.AA.006
BC.AA.003;HB.AA.007
BC.AA.003;KD.DD.002
BC.AA.003;SI.AA.000
BC.AA.004;BC.AA.003
BC.AA.004;BC.AA.006
BC.AA.004;BM.AA.008
BC.AA.004;KD.DD.002
BC.AA.004;MR.AA.005
BC.AA.005;KD.HH.008
BC.AA.005;TL.EE.005
BC.AA.006;SI.AA.000
BD.AA.000;AB.EE.002
BD.AA.000;BD.AA.001
BD.AA.000;BD.AA.002
BD.AA.000;BD.AA.003
BD.AA.000;BD.AA.004
BD.AA.000;BD.AA.005
BD.AA.000;BD.AA.006
BD.AA.000;BD.AA.007
BD.AA.000;BD.AA.008
BD.AA.000;BD.AA.009
BD.AA.000;BD.AA.010
BD.AA.000;BD.BB.001
BD.AA.000;BD.GG.001
BD.AA.000;BD.GG.002
BD.AA.000;BD.GG.003
BD.AA.000;BD.GG.004
BD.AA.000;BD.HH.001
BD.AA.000;BD.HH.002
BD.AA.000;BD.HH.003
BD.AA.000;BD.HH.004
BD.AA.000;BD.HH.005
BD.AA.000;BD.HH.006
BD.AA.000;BD.HH.007
BD.AA.000;BD.II.002
BD.AA.000;BD.II.003
BD.AA.000;BD.II.004
BD.AA.000;BD.II.005
BD.AA.000;BD.II.006
BD.AA.000;CH.AA.000
BD.AA.000;CH.AA.002
BD.AA.001;AB.AA.000
BD.AA.001;AB.DD.001
BD.AA.001;AB.DD.007
BD.AA.001;AB.FF.001
BD.AA.001;BC.AA.000
BD.AA.001;BD.AA.000
BD.AA.001;BD.AA.005
BD.AA.001;BD.AA.006
BD.AA.001;BD.AA.007
BD.AA.001;BD.HH.001
BD.AA.001;BM.AA.000
BD.AA.001;BM.AA.008
BD.AA.001;DD.AA.000
BD.AA.001;DP.BB.001
BD.AA.001;DS.AA.002
BD.AA.001;ER.AA.000
BD.AA.001;FT.HH.001
BD.AA.001;HB.AA.000
BD.AA.001;HB.AA.002
BD.AA.001;HB.AA.007
BD.AA.001;HB.AA.013
BD.AA.001;HB.AA.014
BD.AA.001;HB.AA.016
BD.AA.001;HB.AA.018
BD.AA.001;KD.DD.001
BD.AA.001;KD.DD.002
BD.AA.001;KD.EE.001
BD.AA.001;KD.FF.001
BD.AA.001;KD.FF.003
BD.AA.001;LD.AA.000
BD.AA.001;LD.BB.001
BD.AA.001;LD.GG.001
BD.AA.001;LD.GG.003
BD.AA.001;LD.GG.004
BD.AA.001;LD.GG.009
BD.AA.001;MR.AA.000
BD.AA.001;MS.BB.001
BD.AA.001;PS.AA.000
BD.AA.001;PS.EE.001
BD.AA.001;PS.EE.002
BD.AA.001;PS.II.001
BD.AA.001;PS.JJ.001
BD.AA.001;SI.AA.000
BD.AA.001;SI.AA.001
BD.AA.001;SI.AA.002
BD.AA.001;SI.AA.005
BD.AA.001;SI.BB.001
BD.AA.001;TL.BB.000
BD.AA.001;TL.DD.001
BD.AA.001;TL.DD.006
BD.AA.001;TL.EE.001
BD.AA.001;TL.EE.012
BD.AA.001;TL.GG.001
BD.AA.001;TL.HH.001
BD.AA.001;TL.II.001
BD.AA.001;TS.AA.000
BD.AA.001;TS.AA.001
BD.AA.001;TS.AA.002
BD.AA.002;AB.AA.000
BD.AA.002;BC.AA.000
BD.AA.002;BD.AA.001
BD.AA.002;BD.AA.003
BD.AA.002;BD.AA.007
BD.AA.002;BD.HH.001
BD.AA.002;BD.JJ.003
BD.AA.002;BM.AA.000
BD.AA.002;CH.AA.000
BD.AA.002;DP.AA.000
BD.AA.002;DS.AA.002
BD.AA.002;DS.BB.001
BD.AA.002;DS.JJ.001
BD.AA.002;HB.AA.000
BD.AA.002;HB.AA.001
BD.AA.002;KD.AA.000
BD.AA.002;KD.EE.003
BD.AA.002;KD.FF.001
BD.AA.002;KD.GG.006
BD.AA.002;LD.AA.000
BD.AA.002;LD.CC.002
BD.AA.002;MS.CC.006
BD.AA.002;PD.BB.000
BD.AA.002;PS.AA.000
BD.AA.002;QD.AA.000
BD.AA.002;SI.AA.000
BD.AA.002;SI.CC.002
BD.AA.002;TL.AA.000
BD.AA.002;TL.BB.000
BD.AA.002;TL.CC.005
BD.AA.002;TL.GG.004
BD.AA.002;TS.AA.000
BD.AA.003;BD.AA.002
BD.AA.003;BD.AA.004
BD.AA.003;LD.AA.004
BD.AA.003;LD.EE.002
BD.AA.003;TL.BB.000
BD.AA.003;TL.CC.002
BD.AA.003;TL.DD.004
BD.AA.003;TL.GG.001
BD.AA.003;TL.HH.001
BD.AA.003;TL.II.001
BD.AA.004;BD.AA.003
BD.AA.004;BD.AA.005
BD.AA.004;BD.AA.007
BD.AA.004;BD.HH.001
BD.AA.004;DD.AA.001
BD.AA.004;DS.AA.002
BD.AA.004;DS.BB.001
BD.AA.004;DS.DD.001
BD.AA.004;HB.AA.000
BD.AA.004;KD.FF.001
BD.AA.004;KD.FF.005
BD.AA.004;PS.GG.016
BD.AA.004;TL.BB.003
BD.AA.004;TL.CC.002
BD.AA.005;AB.AA.000
BD.AA.005;BD.HH.004
BD.AA.005;BD.II.002
BD.AA.005;DS.BB.001
BD.AA.005;DS.JJ.005
BD.AA.005;DS.KK.005
BD.AA.005;HB.AA.013
BD.AA.005;HB.AA.014
BD.AA.005;HB.AA.016
BD.AA.005;MS.CC.006
BD.AA.005;PS.JJ.003
BD.AA.005;SI.CC.003
BD.AA.005;TL.EE.009
BD.AA.005;TL.GG.008
BD.AA.006;DP.AA.004
BD.AA.006;DS.BB.001
BD.AA.006;DS.KK.004
BD.AA.006;SI.AA.010
BD.AA.007;AB.DD.005
BD.AA.007;AB.DD.006
BD.AA.007;AB.DD.007
BD.AA.007;BD.CC.001
BD.AA.007;BD.II.004
BD.AA.007;BD.JJ.001
BD.AA.007;DS.HH.002
BD.AA.007;DS.KK.003
BD.AA.007;KD.DD.003
BD.AA.007;KD.GG.006
BD.AA.007;MR.AA.008
BD.AA.007;PS.EE.002
BD.AA.007;PS.FF.003
BD.AA.007;PS.GG.016
BD.AA.007;TL.GG.003
BD.AA.008;AB.GG.005
BD.AA.008;BC.AA.000
BD.AA.008;BD.HH.003
BD.AA.008;BD.II.002
BD.AA.008;KD.GG.005
BD.AA.008;MR.AA.005
BD.AA.008;PS.JJ.003
BD.AA.008;TL.CC.002
BD.AA.008;TL.EE.004
BD.AA.009;BD.HH.001
BD.AA.009;BD.HH.007
BD.AA.009;KD.EE.004
BD.AA.009;KD.FF.003
BD.AA.009;MR.AA.006
BD.AA.009;TL.BB.004
BD.AA.009;TL.CC.005
BD.AA.009;TL.EE.003
BD.AA.009;TL.EE.006
BD.AA.009;TL.HH.004
BD.AA.009;TL.II.009
BD.AA.010;AB.BB.009
BD.AA.010;BM.AA.002
BD.AA.010;DS.KK.003
BD.AA.010;KD.DD.003
BD.AA.010;KD.GG.006
BD.AA.010;PS.AA.002
BD.AA.010;PS.HH.004
BD.AA.010;PS.JJ.003
BD.AA.010;TL.BB.004
BD.AA.010;TL.EE.006
BD.AA.010;TL.GG.002
BD.AA.010;TL.GG.007
BD.BB.001;BD.BB.002
BD.BB.001;BD.BB.003
BD.BB.001;BD.BB.004
BD.BB.001;BD.BB.005
BD.BB.001;BD.BB.006
BD.BB.001;BD.CC.001
BD.BB.001;BD.DD.001
BD.BB.001;BD.EE.001
BD.BB.001;LD.GG.004
BD.BB.002;AB.GG.004
BD.BB.002;QD.AA.001
BD.BB.003;BD.AA.007
BD.BB.003;BD.BB.001
BD.BB.003;BD.BB.002
BD.BB.003;DS.BB.001
BD.BB.003;DS.BB.002
BD.BB.004;BD.BB.003
BD.BB.004;DS.BB.006
BD.BB.004;KD.GG.006
BD.BB.004;PS.AA.000
BD.BB.004;TS.AA.006
BD.BB.005;BD.BB.004
BD.BB.005;IS.CC.005
BD.BB.005;LD.FF.004
BD.BB.005;PS.BB.004
BD.BB.005;PS.FF.003
BD.BB.005;PS.GG.008
BD.BB.005;SI.AA.012
BD.BB.005;TL.II.002
BD.BB.005;TS.AA.013
BD.BB.006;AB.DD.007
BD.BB.006;BD.BB.001
BD.BB.006;BD.BB.003
BD.BB.006;BD.BB.004
BD.BB.006;DS.BB.006
BD.BB.006;DS.FF.004
BD.BB.006;DS.HH.002
BD.BB.006;LD.GG.006
BD.BB.006;PS.DD.007
BD.CC.001;BD.CC.002
BD.CC.001;BD.CC.003
BD.CC.001;BD.CC.004
BD.CC.001;BD.CC.005
BD.CC.001;BD.CC.006
BD.CC.001;BD.CC.007
BD.CC.002;AB.BB.003
BD.CC.002;AB.FF.002
BD.CC.002;BD.BB.003
BD.CC.002;BD.BB.004
BD.CC.002;BD.BB.005
BD.CC.002;BD.BB.006
BD.CC.002;DS.BB.002
BD.CC.002;DS.BB.006
BD.CC.002;LD.GG.002
BD.CC.003;BD.BB.004
BD.CC.003;BD.CC.001
BD.CC.003;BD.CC.004
BD.CC.004;BD.BB.001
BD.CC.004;BD.CC.001
BD.CC.004;BD.CC.003
BD.CC.004;DS.BB.006
BD.CC.005;BD.BB.001
BD.CC.005;BD.CC.004
BD.CC.006;BD.AA.005
BD.CC.006;BD.BB.001
BD.CC.006;BD.BB.003
BD.CC.006;BD.BB.004
BD.CC.006;BD.CC.002
BD.CC.006;BD.CC.003
BD.CC.006;BD.CC.005
BD.CC.007;AB.GG.004
BD.CC.007;BD.AA.005
BD.CC.007;BD.CC.001
BD.CC.007;BD.FF.004
BD.CC.007;DS.BB.006
BD.CC.007;DS.BB.007
BD.CC.007;IS.CC.005
BD.CC.007;PS.GG.016
BD.DD.001;BD.DD.002
BD.DD.001;BD.DD.003
BD.DD.001;BD.DD.004
BD.DD.001;BD.DD.005
BD.DD.001;BD.DD.006
BD.DD.002;AB.DD.007
BD.DD.002;BD.AA.007
BD.DD.002;BD.CC.005
BD.DD.002;BD.CC.006
BD.DD.002;DS.KK.007
BD.DD.002;KD.KK.004
BD.DD.002;TL.DD.005
BD.DD.003;AB.BB.004
BD.DD.003;BD.BB.001
BD.DD.003;BD.CC.003
BD.DD.003;BD.CC.005
BD.DD.003;BD.DD.002
BD.DD.003;CH.AA.005
BD.DD.003;KD.BB.007
BD.DD.004;BD.BB.001
BD.DD.004;BD.BB.004
BD.DD.004;BD.CC.003
BD.DD.004;BD.CC.005
BD.DD.004;BD.CC.006
BD.DD.004;BD.DD.002
BD.DD.004;BD.DD.003
BD.DD.004;KD.JJ.007
BD.DD.005;BD.BB.001
BD.DD.005;BD.CC.001
BD.DD.005;BD.DD.004
BD.DD.005;DD.AA.002
BD.DD.005;PS.DD.005
BD.DD.005;TL.HH.003
BD.DD.006;BD.BB.001
BD.DD.006;BD.CC.001
BD.DD.006;BD.CC.003
BD.DD.006;BD.DD.005
BD.DD.006;KD.GG.006
BD.EE.001;BD.EE.002
BD.EE.001;BD.EE.003
BD.EE.001;BD.EE.004
BD.EE.001;BD.EE.005
BD.EE.001;ER.HH.001
BD.EE.001;HB.AA.002
BD.EE.002;BD.BB.001
BD.EE.002;BD.EE.001
BD.EE.002;DS.BB.001
BD.EE.002;DS.BB.009
BD.EE.002;DS.CC.002
BD.EE.002;DS.CC.003
BD.EE.002;MR.AA.000
BD.EE.003;BD.BB.001
BD.EE.003;BD.EE.001
BD.EE.003;BM.AA.007
BD.EE.003;HB.AA.002
BD.EE.003;HB.AA.007
BD.EE.003;PS.AA.007
BD.EE.003;SI.AA.001
BD.EE.004;AB.BB.001
BD.EE.004;BD.EE.001
BD.EE.004;BD.EE.003
BD.EE.004;BD.EE.005
BD.EE.004;DP.BB.006
BD.EE.004;ER.BB.002
BD.EE.004;SI.AA.003
BD.EE.004;SI.CC.001
BD.EE.005;AB.BB.001
BD.EE.005;BA.AA.000
BD.EE.005;BD.AA.005
BD.EE.005;BD.BB.003
BD.EE.005;BD.EE.001
BD.EE.005;BM.CC.001
BD.EE.005;BM.CC.003
BD.EE.005;DP.AA.005
BD.EE.005;HB.AA.007
BD.EE.005;LD.GG.001
BD.EE.005;LD.GG.003
BD.EE.005;LD.GG.004
BD.FF.002;BD.AA.007
BD.FF.002;DS.BB.006
BD.FF.002;KD.GG.006
BD.FF.002;PS.FF.003
BD.FF.002;TL.GG.004
BD.FF.003;AB.EE.002
BD.FF.003;BD.FF.002
BD.FF.003;DS.BB.006
BD.FF.003;DS.HH.002
BD.FF.003;LD.GG.003
BD.FF.003;TL.GG.004
BD.FF.004;AB.DD.006
BD.FF.004;BD.AA.007
BD.FF.004;BD.BB.001
BD.FF.004;BD.CC.007
BD.FF.004;BD.FF.003
BD.FF.004;DS.BB.001
BD.FF.004;DS.HH.002
BD.FF.004;DS.KK.001
BD.FF.004;DS.KK.008
BD.FF.004;ER.AA.000
BD.FF.004;ER.HH.001
BD.FF.004;HB.AA.002
BD.FF.004;IS.CC.005
BD.FF.004;LD.GG.003
BD.FF.004;LD.GG.004
BD.FF.004;PS.GG.016
BD.FF.004;SI.AA.001
BD.GG.001;BD.GG.002
BD.GG.001;BD.GG.003
BD.GG.001;BD.GG.004
BD.GG.002;BD.GG.001
BD.GG.002;DP.BB.006
BD.GG.002;DS.BB.009
BD.GG.003;AB.BB.009
BD.GG.003;BD.GG.001
BD.GG.003;BD.GG.004
BD.GG.003;BD.HH.004
BD.GG.003;DS.BB.009
BD.GG.003;DS.HH.002
BD.GG.003;QD.AA.001
BD.GG.003;SI.AA.010
BD.GG.004;BD.GG.001
BD.GG.004;BD.GG.003
BD.GG.004;DS.BB.009
BD.GG.004;LD.GG.009
BD.GG.004;PS.BB.009
BD.GG.004;SI.AA.010
BD.GG.004;TL.HH.003
BD.GG.004;TS.AA.013
BD.HH.001;AB.EE.002
BD.HH.001;BD.HH.002
BD.HH.001;BD.HH.003
BD.HH.001;BD.HH.004
BD.HH.001;BD.HH.005
BD.HH.001;BD.HH.006
BD.HH.001;BD.HH.007
BD.HH.002;AB.BB.001
BD.HH.002;AB.BB.003
BD.HH.002;AB.BB.004
BD.HH.002;AB.DD.001
BD.HH.002;AB.GG.004
BD.HH.002;BD.HH.003
BD.HH.002;BD.HH.004
BD.HH.002;BD.II.002
BD.HH.002;BD.II.004
BD.HH.002;BD.JJ.001
BD.HH.002;BD.JJ.002
BD.HH.002;DS.AA.002
BD.HH.002;DS.JJ.003
BD.HH.002;DS.KK.002
BD.HH.002;DS.KK.003
BD.HH.002;DS.KK.005
BD.HH.002;IS.CC.006
BD.HH.002;KD.DD.002
BD.HH.002;KD.DD.003
BD.HH.002;KD.EE.002
BD.HH.002;KD.FF.003
BD.HH.002;KD.GG.001
BD.HH.002;MS.BB.001
BD.HH.002;PS.GG.019
BD.HH.002;TL.BB.005
BD.HH.002;TL.CC.005
BD.HH.002;TL.CC.006
BD.HH.002;TL.DD.005
BD.HH.002;TL.LL.001
BD.HH.002;TS.AA.000
BD.HH.002;TS.AA.007
BD.HH.002;TS.AA.013
BD.HH.003;AB.DD.001
BD.HH.003;AB.DD.006
BD.HH.003;AB.GG.004
BD.HH.003;AB.GG.005
BD.HH.003;BD.AA.007
BD.HH.003;BD.HH.004
BD.HH.003;DS.EE.001
BD.HH.003;LD.GG.003
BD.HH.003;PS.GG.019
BD.HH.003;TS.AA.006
BD.HH.004;AB.DD.001
BD.HH.004;AB.DD.003
BD.HH.004;AB.DD.007
BD.HH.004;BD.AA.007
BD.HH.004;BD.HH.002
BD.HH.004;BD.HH.003
BD.HH.004;BD.HH.005
BD.HH.004;DS.AA.001
BD.HH.004;DS.BB.006
BD.HH.004;KD.GG.006
BD.HH.004;LD.GG.001
BD.HH.004;MR.AA.006
BD.HH.004;MS.CC.006
BD.HH.004;SI.AA.010
BD.HH.004;TS.AA.004
BD.HH.004;TS.AA.013
BD.HH.005;AB.DD.001
BD.HH.005;AB.DD.008
BD.HH.005;AB.EE.002
BD.HH.005;BD.HH.004
BD.HH.005;DS.BB.006
BD.HH.005;KD.GG.006
BD.HH.005;PS.FF.003
BD.HH.005;TL.GG.012
BD.HH.006;AB.BB.005
BD.HH.006;AB.DD.002
BD.HH.006;AB.DD.003
BD.HH.006;AB.DD.007
BD.HH.006;AB.GG.004
BD.HH.006;AB.GG.005
BD.HH.006;BD.AA.007
BD.HH.006;BD.HH.003
BD.HH.006;BD.HH.004
BD.HH.006;BD.HH.005
BD.HH.006;DS.BB.006
BD.HH.006;DS.BB.007
BD.HH.006;DS.HH.002
BD.HH.006;KD.GG.006
BD.HH.007;BD.AA.006
BD.HH.007;BD.JJ.002
BD.HH.007;DS.KK.004
BD.HH.007;PS.EE.002
BD.HH.007;TL.GG.012
BD.HH.007;TL.HH.003
BD.HH.007;TL.HH.004
BD.HH.007;TL.HH.010
BD.II.002;AB.BB.009
BD.II.002;BD.HH.001
BD.II.002;BD.II.003
BD.II.002;BD.II.004
BD.II.002;BD.II.005
BD.II.002;BD.II.006
BD.II.002;BM.DD.005
BD.II.002;DS.AA.001
BD.II.002;DS.KK.005
BD.II.002;KD.DD.003
BD.II.002;TS.AA.004
BD.II.002;TS.AA.009
BD.II.003;AB.BB.008
BD.II.003;BD.II.004
BD.II.003;BD.II.005
BD.II.003;BM.DD.005
BD.II.003;KD.FF.003
BD.II.003;LD.AA.000
BD.II.003;LD.AA.006
BD.II.003;LD.AA.007
BD.II.003;LD.EE.003
BD.II.003;LD.FF.004
BD.II.003;SI.AA.003
BD.II.003;TL.CC.002
BD.II.003;TL.EE.006
BD.II.003;TL.HH.010
BD.II.003;TL.II.001
BD.II.003;TS.AA.011
BD.II.004;AB.BB.009
BD.II.004;BD.GG.001
BD.II.004;BD.II.005
BD.II.004;BM.AA.013
BD.II.004;BM.DD.005
BD.II.004;ER.CC.001
BD.II.004;ER.FF.001
BD.II.004;PS.GG.008
BD.II.004;SI.AA.007
BD.II.004;SI.AA.010
BD.II.004;TL.EE.003
BD.II.004;TL.HH.003
BD.II.004;TL.HH.006
BD.II.005;BA.AA.000
BD.II.005;BD.AA.004
BD.II.005;BD.II.004
BD.II.005;BM.AA.013
BD.II.005;BM.DD.005
BD.II.005;KD.BB.002
BD.II.005;KD.FF.001
BD.II.005;KD.FF.003
BD.II.005;LD.AA.000
BD.II.005;LD.FF.004
BD.II.005;LD.FF.007
BD.II.005;TL.CC.005
BD.II.005;TL.HH.008
BD.II.005;TL.HH.010
BD.II.006;BD.II.003
BD.II.006;BM.DD.005
BD.II.006;ER.EE.001
BD.II.006;FT.HH.001
BD.II.006;KD.FF.016
BD.II.006;TL.DD.002
BD.II.006;TL.EE.005
BD.JJ.001;BD.AA.006
BD.JJ.001;BD.HH.004
BD.JJ.001;BD.JJ.003
BD.JJ.001;DS.KK.004
BD.JJ.001;KD.DD.003
BD.JJ.001;KD.EE.002
BD.JJ.001;KD.FF.001
BD.JJ.001;KD.FF.003
BD.JJ.001;TL.CC.005
BD.JJ.001;TL.EE.006
BD.JJ.001;TL.HH.004
BD.JJ.001;TL.HH.010
BD.JJ.001;TL.HH.011
BD.JJ.002;AB.GG.004
BD.JJ.002;AB.GG.006
BD.JJ.002;BD.AA.006
BD.JJ.002;DD.AA.001
BD.JJ.002;DS.KK.002
BD.JJ.002;KD.JJ.001
BD.JJ.003;BD.JJ.002
BD.JJ.003;CH.BB.002
BD.JJ.003;IS.CC.004
BD.JJ.003;TL.CC.005
BM.AA.000;BD.EE.005
BM.AA.000;BM.AA.001
BM.AA.000;BM.AA.002
BM.AA.000;BM.AA.003
BM.AA.000;BM.AA.004
BM.AA.000;BM.AA.005
BM.AA.000;BM.AA.006
BM.AA.000;BM.AA.007
BM.AA.000;BM.AA.008
BM.AA.000;BM.AA.009
BM.AA.000;BM.AA.010
BM.AA.000;BM.AA.011
BM.AA.000;BM.AA.012
BM.AA.000;BM.AA.013
BM.AA.000;BM.AA.014
BM.AA.000;BM.AA.015
BM.AA.000;BM.BB.001
BM.AA.000;BM.CC.001
BM.AA.000;BM.CC.002
BM.AA.000;BM.CC.003
BM.AA.000;BM.CC.004
BM.AA.000;BM.DD.002
BM.AA.000;BM.DD.003
BM.AA.000;BM.DD.004
BM.AA.000;BM.DD.005
BM.AA.000;BM.DD.006
BM.AA.000;BM.DD.007
BM.AA.000;BM.DD.008
BM.AA.000;KD.FF.009
BM.AA.000;KD.HH.008
BM.AA.000;LD.BB.001
BM.AA.000;PS.CC.002
BM.AA.001;BM.AA.002
BM.AA.001;KD.EE.001
BM.AA.001;KD.HH.006
BM.AA.001;LD.AA.000
BM.AA.001;LD.AA.004
BM.AA.002;BM.AA.003
BM.AA.002;BM.AA.009
BM.AA.002;DS.KK.007
BM.AA.002;KD.BB.007
BM.AA.002;LD.EE.002
BM.AA.002;LD.EE.003
BM.AA.002;SI.BB.003
BM.AA.002;TL.BB.002
BM.AA.002;TL.BB.003
BM.AA.002;TL.BB.004
BM.AA.002;TL.BB.005
BM.AA.002;TL.BB.006
BM.AA.002;TL.BB.007
BM.AA.002;TL.BB.008
BM.AA.002;TL.CC.002
BM.AA.003;BD.JJ.003
BM.AA.003;BM.AA.002
BM.AA.003;BM.AA.004
BM.AA.003;KD.DD.002
BM.AA.003;LD.AA.009
BM.AA.003;TL.HH.003
BM.AA.004;BM.AA.005
BM.AA.004;DS.KK.004
BM.AA.004;ER.FF.001
BM.AA.004;KD.FF.010
BM.AA.004;KD.FF.021
BM.AA.004;SI.BB.001
BM.AA.005;AB.EE.002
BM.AA.005;BD.AA.008
BM.AA.005;BD.HH.001
BM.AA.005;BM.AA.004
BM.AA.005;BM.AA.006
BM.AA.005;BM.AA.007
BM.AA.005;BM.AA.011
BM.AA.005;MS.BB.001
BM.AA.005;TL.CC.005
BM.AA.005;TL.DD.002
BM.AA.005;TL.GG.007
BM.AA.005;TL.HH.010
BM.AA.005;TS.AA.011
BM.AA.006;BM.AA.003
BM.AA.006;BM.AA.007
BM.AA.006;BM.AA.008
BM.AA.006;BM.AA.009
BM.AA.006;ER.FF.001
BM.AA.006;HB.AA.016
BM.AA.007;BM.AA.002
BM.AA.007;BM.AA.008
BM.AA.007;DD.AA.007
BM.AA.007;ER.FF.001
BM.AA.007;HB.AA.007
BM.AA.007;KD.DD.001
BM.AA.007;KD.FF.001
BM.AA.007;KD.FF.017
BM.AA.007;TL.CC.002
BM.AA.007;TL.EE.003
BM.AA.007;TL.EE.004
BM.AA.008;AB.BB.008
BM.AA.008;BM.AA.000
BM.AA.008;ER.EE.005
BM.AA.008;ER.EE.007
BM.AA.008;ER.FF.001
BM.AA.008;HB.AA.016
BM.AA.008;IS.BB.009
BM.AA.008;KD.LL.002
BM.AA.008;LD.AA.000
BM.AA.008;PD.BB.000
BM.AA.008;SI.BB.001
BM.AA.008;SI.BB.006
BM.AA.008;TL.II.002
BM.AA.008;TL.II.007
BM.AA.008;TL.II.014
BM.AA.009;BM.AA.007
BM.AA.009;BM.BB.001
BM.AA.009;BM.DD.004
BM.AA.009;KD.AA.000
BM.AA.009;TL.BB.000
BM.AA.010;AB.DD.001
BM.AA.010;AB.DD.006
BM.AA.010;AB.DD.007
BM.AA.010;BD.HH.001
BM.AA.010;BD.II.005
BM.AA.010;BM.AA.013
BM.AA.010;BM.BB.001
BM.AA.010;MR.AA.000
BM.AA.010;MR.AA.007
BM.AA.010;MS.BB.001
BM.AA.010;TL.JJ.011
BM.AA.010;TL.LL.001
BM.AA.010;TL.LL.004
BM.AA.011;AB.BB.003
BM.AA.011;TL.JJ.009
BM.AA.012;BM.AA.013
BM.AA.012;BM.DD.005
BM.AA.012;DS.BB.001
BM.AA.012;FT.BB.001
BM.AA.012;KD.FF.010
BM.AA.012;KD.GG.006
BM.AA.012;LD.AA.000
BM.AA.012;LD.GG.001
BM.AA.012;SI.AA.006
BM.AA.012;TL.EE.005
BM.AA.012;TL.GG.004
BM.AA.012;TL.HH.003
BM.AA.012;TL.JJ.012
BM.AA.013;BM.AA.005
BM.AA.013;BM.AA.007
BM.AA.013;BM.AA.008
BM.AA.013;BM.AA.012
BM.AA.013;BM.BB.001
BM.AA.013;BM.DD.005
BM.AA.013;DS.BB.001
BM.AA.013;KD.FF.001
BM.AA.013;KD.JJ.006
BM.AA.013;LD.AA.000
BM.AA.013;LD.GG.009
BM.AA.013;SI.AA.011
BM.AA.013;TL.HH.006
BM.AA.013;TS.AA.010
BM.AA.014;AB.BB.009
BM.AA.014;LD.AA.000
BM.AA.014;TL.EE.007
BM.AA.014;TL.EE.011
BM.AA.014;TL.GG.007
BM.AA.014;TL.II.001
BM.AA.014;TL.JJ.003
BM.AA.014;TL.KK.002
BM.AA.015;BC.AA.006
BM.AA.015;BD.AA.008
BM.AA.015;BM.AA.005
BM.AA.015;BM.AA.013
BM.AA.015;KD.DD.002
BM.AA.015;KD.JJ.006
BM.AA.015;LD.AA.000
BM.AA.015;PS.JJ.003
BM.AA.015;TL.CC.002
BM.AA.015;TL.HH.010
BM.AA.015;TL.II.001
BM.AA.015;TS.AA.009
BM.BB.001;BM.BB.002
BM.BB.001;BM.BB.003
BM.BB.001;BM.BB.004
BM.BB.001;DS.KK.007
BM.BB.002;BM.BB.003
BM.BB.002;DS.KK.007
BM.BB.002;KD.HH.003
BM.BB.002;TL.BB.004
BM.BB.003;AB.AA.000
BM.BB.003;BM.AA.007
BM.BB.003;DS.BB.006
BM.BB.003;DS.KK.007
BM.BB.003;PS.FF.003
BM.BB.003;TL.BB.004
BM.BB.003;TL.EE.003
BM.BB.003;TL.EE.007
BM.BB.003;TL.GG.007
BM.BB.004;KD.DD.002
BM.BB.004;KD.GG.006
BM.BB.004;PS.FF.003
BM.BB.004;PS.HH.002
BM.BB.004;TL.GG.002
BM.BB.004;TL.GG.012
BM.BB.004;TL.HH.010
BM.CC.001;BD.EE.005
BM.CC.001;BM.AA.008
BM.CC.001;BM.CC.002
BM.CC.001;BM.CC.003
BM.CC.001;BM.CC.004
BM.CC.001;BM.CC.005
BM.CC.001;BM.CC.006
BM.CC.001;BM.CC.007
BM.CC.001;LD.CC.007
BM.CC.001;LD.GG.008
BM.CC.001;PS.CC.002
BM.CC.001;PS.II.002
BM.CC.001;TL.JJ.002
BM.CC.002;ER.EE.002
BM.CC.002;LD.EE.002
BM.CC.002;PS.HH.001
BM.CC.002;TL.II.002
BM.CC.002;TL.II.008
BM.CC.003;AB.AA.000
BM.CC.003;BD.AA.007
BM.CC.003;BD.CC.001
BM.CC.003;BD.CC.005
BM.CC.003;IS.CC.005
BM.CC.003;KD.JJ.009
BM.CC.003;KD.LL.003
BM.CC.003;PS.AA.004
BM.CC.003;PS.GG.016
BM.CC.003;TS.AA.004
BM.CC.004;AB.BB.003
BM.CC.004;BD.CC.003
BM.CC.004;BD.HH.006
BM.CC.004;IS.BB.010
BM.CC.004;KD.JJ.002
BM.CC.004;KD.JJ.004
BM.CC.004;PS.KK.002
BM.CC.004;TL.II.013
BM.CC.005;HB.AA.000
BM.CC.005;KD.EE.001
BM.CC.005;TL.BB.003
BM.CC.005;TL.BB.004
BM.CC.005;TL.HH.006
BM.CC.006;BA.AA.004
BM.CC.006;BM.CC.004
BM.CC.006;CH.BB.003
BM.CC.006;CH.BB.005
BM.CC.006;CH.BB.006
BM.CC.006;DS.FF.006
BM.CC.006;FT.GG.001
BM.CC.006;IS.CC.004
BM.CC.006;TL.EE.003
BM.CC.006;TL.II.008
BM.CC.006;TL.II.012
BM.CC.007;AB.BB.001
BM.CC.007;AB.GG.004
BM.CC.007;BD.HH.004
BM.CC.007;BM.CC.002
BM.CC.007;DD.AA.001
BM.CC.007;DS.BB.001
BM.CC.007;KD.LL.002
BM.CC.007;PS.CC.002
BM.CC.007;PS.EE.002
BM.CC.007;QD.BB.002
BM.CC.007;TL.II.008
BM.DD.002;BM.AA.007
BM.DD.002;KD.FF.001
BM.DD.002;LD.CC.002
BM.DD.002;LD.GG.009
BM.DD.002;MS.BB.001
BM.DD.002;TL.HH.007
BM.DD.003;BD.HH.001
BM.DD.003;BM.AA.000
BM.DD.003;HB.AA.012
BM.DD.003;HB.AA.013
BM.DD.003;LD.CC.004
BM.DD.003;PS.FF.003
BM.DD.003;PS.GG.019
BM.DD.003;TL.BB.000
BM.DD.003;TL.CC.002
BM.DD.004;AB.BB.009
BM.DD.004;LD.GG.009
BM.DD.004;TS.AA.009
BM.DD.004;TS.AA.011
BM.DD.005;AB.BB.008
BM.DD.005;BD.II.004
BM.DD.005;BD.II.005
BM.DD.005;BM.AA.000
BM.DD.005;BM.DD.006
BM.DD.005;BM.DD.008
BM.DD.005;LD.FF.002
BM.DD.005;LD.FF.003
BM.DD.005;LD.FF.004
BM.DD.005;LD.FF.005
BM.DD.005;LD.FF.006
BM.DD.005;LD.FF.007
BM.DD.005;LD.FF.008
BM.DD.005;TL.CC.002
BM.DD.006;LD.EE.003
BM.DD.006;TL.CC.002
BM.DD.006;TL.EE.001
BM.DD.007;BC.AA.000
BM.DD.007;KD.FF.001
BM.DD.007;KD.HH.005
BM.DD.007;MS.BB.001
BM.DD.007;TL.EE.003
BM.DD.007;TL.EE.004
BM.DD.007;TL.GG.009
BM.DD.007;TL.HH.010
BM.DD.007;TL.JJ.006
BM.DD.007;TL.JJ.012
BM.DD.008;BM.AA.001
BM.DD.008;KD.HH.005
BM.DD.008;LD.GG.009
BM.DD.008;TL.BB.000
BM.DD.008;TL.BB.002
CH.AA.000;BD.AA.007
CH.AA.000;CH.AA.001
CH.AA.000;CH.AA.002
CH.AA.000;CH.AA.003
CH.AA.000;CH.AA.004
CH.AA.000;CH.AA.005
CH.AA.000;CH.BB.001
CH.AA.000;CH.BB.002
CH.AA.000;CH.BB.003
CH.AA.000;CH.BB.004
CH.AA.000;CH.BB.005
CH.AA.000;CH.BB.006
CH.AA.000;KD.II.002
CH.AA.000;KD.JJ.010
CH.AA.000;KD.JJ.011
CH.AA.000;PS.CC.002
CH.AA.000;PS.GG.004
CH.AA.000;PS.GG.006
CH.AA.000;PS.II.007
CH.AA.000;SI.CC.003
CH.AA.000;TL.DD.002
CH.AA.000;TL.DD.006
CH.AA.001;BA.AA.000
CH.AA.001;CH.AA.000
CH.AA.001;ER.HH.001
CH.AA.001;HB.AA.007
CH.AA.001;HB.AA.008
CH.AA.001;HB.AA.009
CH.AA.001;HB.AA.017
CH.AA.001;HB.AA.018
CH.AA.001;SI.AA.000
CH.AA.001;SI.AA.001
CH.AA.001;TL.EE.012
CH.AA.001;TS.AA.001
CH.AA.001;TS.AA.002
CH.AA.002;PS.AA.000
CH.AA.002;SI.CC.001
CH.AA.003;CH.AA.000
CH.AA.003;HB.AA.019
CH.AA.003;KD.FF.013
CH.AA.003;KD.FF.017
CH.AA.003;KD.II.001
CH.AA.003;LD.GG.009
CH.AA.004;ER.EE.006
CH.AA.004;NP.BB.003
CH.AA.004;PS.CC.002
CH.AA.004;PS.DD.005
CH.AA.004;PS.GG.006
CH.AA.004;PS.II.009
CH.AA.004;TL.HH.003
CH.AA.004;TL.II.002
CH.AA.004;TL.II.008
CH.AA.004;TL.II.012
CH.AA.004;TS.AA.011
CH.AA.005;BD.AA.007
CH.AA.005;BD.DD.003
CH.AA.005;BD.DD.006
CH.AA.005;CH.AA.000
CH.AA.005;IS.CC.005
CH.AA.005;KD.II.003
CH.AA.005;PS.DD.005
CH.AA.005;PS.JJ.003
CH.AA.005;TL.DD.005
CH.BB.001;CH.BB.002
CH.BB.001;CH.BB.003
CH.BB.001;CH.BB.004
CH.BB.001;CH.BB.005
CH.BB.001;CH.BB.006
CH.BB.002;AB.GG.006
CH.BB.002;CH.AA.000
CH.BB.002;CH.BB.001
CH.BB.002;ER.EE.001
CH.BB.003;BD.JJ.003
CH.BB.003;CH.BB.001
CH.BB.003;CH.BB.002
CH.BB.003;ER.CC.005
CH.BB.003;FT.GG.001
CH.BB.003;IS.CC.004
CH.BB.003;KD.EE.002
CH.BB.003;PS.FF.003
CH.BB.003;TL.CC.005
CH.BB.003;TL.DD.002
CH.BB.003;TL.HH.006
CH.BB.004;CH.BB.001
CH.BB.004;IS.BB.011
CH.BB.004;KD.JJ.004
CH.BB.005;AB.BB.003
CH.BB.005;CH.BB.001
CH.BB.005;CH.BB.004
CH.BB.005;IS.CC.005
CH.BB.005;LD.EE.002
CH.BB.005;PD.BB.000
CH.BB.006;AB.BB.006
CH.BB.006;CH.AA.000
CH.BB.006;CH.BB.001
CH.BB.006;CH.BB.005
CH.BB.006;DS.KK.006
CH.BB.006;IS.CC.003
CH.BB.006;IS.CC.005
CH.BB.006;LD.FF.003
DD.AA.000;DD.AA.001
DD.AA.000;DD.AA.002
DD.AA.000;DD.AA.003
DD.AA.000;DD.AA.004
DD.AA.000;DD.AA.005
DD.AA.000;DD.AA.006
DD.AA.000;DD.AA.007
DD.AA.001;AB.GG.004
DD.AA.001;BD.BB.001
DD.AA.001;DS.BB.001
DD.AA.001;DS.DD.001
DD.AA.001;LD.AA.000
DD.AA.001;PS.DD.001
DD.AA.002;BM.AA.007
DD.AA.002;DD.AA.003
DD.AA.002;KD.DD.002
DD.AA.002;LD.AA.000
DD.AA.002;LD.EE.003
DD.AA.003;DD.AA.004
DD.AA.003;TL.HH.005
DD.AA.003;TL.JJ.007
DD.AA.004;DD.AA.005
DD.AA.004;TL.EE.007
DD.AA.004;TL.GG.010
DD.AA.005;HB.AA.007
DD.AA.005;HB.AA.018
DD.AA.005;KD.DD.002
DD.AA.005;KD.FF.003
DD.AA.005;MS.BB.001
DD.AA.005;SI.AA.001
DD.AA.005;TL.DD.002
DD.AA.006;KD.BB.006
DD.AA.006;KD.DD.002
DD.AA.006;KD.DD.003
DD.AA.006;KD.FF.003
DD.AA.006;KD.FF.010
DD.AA.006;LD.FF.003
DD.AA.006;PS.GG.019
DD.AA.006;TL.LL.001
DD.AA.007;KD.FF.017
DD.AA.007;SI.AA.002
DP.AA.000;DP.AA.001
DP.AA.000;DP.AA.002
DP.AA.000;DP.AA.003
DP.AA.000;DP.AA.004
DP.AA.000;DP.AA.005
DP.AA.000;DP.BB.001
DP.AA.001;DP.AA.002
DP.AA.001;DS.AA.002
DP.AA.001;HB.AA.005
DP.AA.002;AB.GG.004
DP.AA.002;AB.GG.005
DP.AA.002;BD.AA.000
DP.AA.002;BD.AA.005
DP.AA.002;BD.HH.001
DP.AA.002;BD.II.002
DP.AA.002;DS.AA.002
DP.AA.002;DS.KK.002
DP.AA.002;KD.LL.003
DP.AA.003;AB.AA.000
DP.AA.003;AB.DD.004
DP.AA.003;BD.AA.005
DP.AA.003;BD.AA.007
DP.AA.003;BD.HH.001
DP.AA.003;BM.AA.008
DP.AA.003;DD.AA.001
DP.AA.003;DS.AA.001
DP.AA.003;DS.AA.002
DP.AA.003;DS.BB.001
DP.AA.003;DS.BB.006
DP.AA.003;DS.CC.002
DP.AA.003;DS.CC.004
DP.AA.003;DS.KK.005
DP.AA.003;SI.AA.010
DP.AA.003;TL.FF.002
DP.AA.004;BD.HH.002
DP.AA.004;DS.DD.001
DP.AA.004;DS.KK.004
DP.AA.004;KD.FF.023
DP.AA.004;KD.GG.008
DP.AA.004;LD.GG.009
DP.AA.004;PS.EE.001
DP.AA.004;PS.FF.003
DP.AA.004;SI.AA.009
DP.AA.004;SI.AA.010
DP.AA.004;SI.AA.012
DP.AA.004;TL.EE.002
DP.AA.004;TL.II.008
DP.AA.005;AB.DD.001
DP.AA.005;AB.DD.006
DP.AA.005;AB.FF.002
DP.AA.005;BD.HH.001
DP.AA.005;BM.AA.006
DP.AA.005;CH.BB.006
DP.AA.005;DS.BB.006
DP.AA.005;DS.DD.001
DP.AA.005;DS.DD.005
DP.AA.005;KD.BB.006
DP.AA.005;KD.BB.007
DP.AA.005;KD.DD.002
DP.AA.005;LD.GG.001
DP.AA.005;NP.BB.001
DP.AA.005;NP.BB.002
DP.AA.005;PS.AA.006
DP.AA.005;PS.BB.009
DP.AA.005;PS.FF.003
DP.AA.005;PS.II.009
DP.AA.005;SI.AA.001
DP.AA.005;SI.BB.001
DP.AA.005;TL.BB.003
DP.AA.005;TL.II.008
DP.AA.005;TL.II.012
DP.AA.005;TS.AA.005
DP.BB.001;DP.BB.002
DP.BB.001;DP.BB.003
DP.BB.001;DP.BB.004
DP.BB.001;DP.BB.005
DP.BB.001;DP.BB.006
DP.BB.002;BD.AA.007
DP.BB.002;BD.HH.001
DP.BB.002;BD.JJ.002
DP.BB.002;BD.JJ.003
DP.BB.002;BM.AA.013
DP.BB.002;DS.AA.002
DP.BB.002;KD.EE.002
DP.BB.002;KD.FF.019
DP.BB.002;PS.FF.003
DP.BB.002;TL.CC.005
DP.BB.002;TL.GG.003
DP.BB.003;BD.AA.004
DP.BB.003;BD.AA.007
DP.BB.003;BD.HH.001
DP.BB.003;BD.JJ.003
DP.BB.003;BM.AA.000
DP.BB.003;DP.AA.002
DP.BB.003;DS.BB.001
DP.BB.003;DS.JJ.002
DP.BB.003;KD.FF.003
DP.BB.003;TL.CC.005
DP.BB.003;TL.FF.002
DP.BB.004;LD.AA.000
DP.BB.004;TL.FF.002
DP.BB.004;TL.GG.003
DP.BB.005;PS.JJ.003
DP.BB.006;BC.AA.000
DP.BB.006;SI.AA.001
DS.AA.001;BD.AA.007
DS.AA.001;BD.HH.001
DS.AA.001;DS.AA.002
DS.AA.001;DS.BB.001
DS.AA.001;DS.DD.001
DS.AA.001;DS.JJ.001
DS.AA.001;QD.AA.000
DS.AA.001;SI.AA.009
DS.AA.001;SI.AA.010
DS.AA.002;BD.HH.001
DS.AA.002;DS.AA.001
DS.AA.002;DS.BB.001
DS.AA.002;DS.JJ.001
DS.AA.002;DS.KK.001
DS.AA.002;DS.KK.008
DS.AA.002;HB.AA.010
DS.AA.002;LD.AA.000
DS.AA.002;TL.GG.003
DS.BB.001;DS.BB.002
DS.BB.001;DS.BB.003
DS.BB.001;DS.BB.004
DS.BB.001;DS.BB.005
DS.BB.001;DS.BB.006
DS.BB.001;DS.BB.007
DS.BB.001;DS.BB.008
DS.BB.001;DS.BB.009
DS.BB.001;DS.BB.010
DS.BB.001;DS.CC.002
DS.BB.001;DS.CC.003
DS.BB.001;DS.CC.004
DS.BB.001;DS.DD.002
DS.BB.001;DS.EE.001
DS.BB.001;DS.EE.002
DS.BB.001;DS.EE.003
DS.BB.001;DS.FF.002
DS.BB.001;DS.FF.003
DS.BB.001;DS.FF.004
DS.BB.001;DS.FF.005
DS.BB.001;DS.FF.006
DS.BB.001;DS.FF.007
DS.BB.001;DS.FF.008
DS.BB.001;DS.FF.009
DS.BB.001;DS.FF.010
DS.BB.001;DS.HH.002
DS.BB.001;DS.HH.003
DS.BB.001;DS.II.002
DS.BB.001;DS.II.003
DS.BB.001;DS.II.004
DS.BB.001;DS.II.005
DS.BB.001;DS.II.006
DS.BB.001;HB.AA.008
DS.BB.001;HB.AA.009
DS.BB.001;IS.CC.002
DS.BB.001;IS.CC.003
DS.BB.001;IS.CC.004
DS.BB.001;IS.CC.005
DS.BB.001;IS.CC.007
DS.BB.001;IS.CC.008
DS.BB.001;IS.CC.009
DS.BB.001;PS.DD.002
DS.BB.001;PS.DD.006
DS.BB.001;PS.DD.007
DS.BB.002;DS.BB.006
DS.BB.002;DS.BB.007
DS.BB.002;KD.GG.007
DS.BB.002;PS.AA.006
DS.BB.002;PS.FF.003
DS.BB.002;SI.AA.009
DS.BB.002;SI.AA.010
DS.BB.002;TS.AA.013
DS.BB.003;AB.DD.004
DS.BB.003;AB.DD.005
DS.BB.003;AB.DD.007
DS.BB.003;AB.DD.008
DS.BB.003;AB.GG.004
DS.BB.003;DS.BB.002
DS.BB.003;DS.BB.004
DS.BB.003;DS.BB.006
DS.BB.003;KD.FF.024
DS.BB.003;KD.GG.006
DS.BB.003;LD.GG.003
DS.BB.003;LD.GG.009
DS.BB.003;PS.FF.003
DS.BB.003;TL.BB.003
DS.BB.004;AB.BB.001
DS.BB.004;AB.DD.006
DS.BB.004;AB.DD.007
DS.BB.004;AB.DD.008
DS.BB.004;AB.GG.004
DS.BB.004;DS.BB.001
DS.BB.004;DS.BB.002
DS.BB.004;DS.BB.006
DS.BB.004;LD.GG.002
DS.BB.004;LD.GG.003
DS.BB.005;AB.BB.009
DS.BB.005;BD.CC.001
DS.BB.005;BD.CC.004
DS.BB.005;BD.HH.006
DS.BB.005;DS.BB.006
DS.BB.005;KD.GG.006
DS.BB.005;PS.BB.006
DS.BB.005;PS.CC.006
DS.BB.005;PS.GG.016
DS.BB.005;TL.GG.005
DS.BB.006;AB.DD.004
DS.BB.006;AB.DD.005
DS.BB.006;AB.DD.008
DS.BB.006;DS.BB.003
DS.BB.006;DS.BB.004
DS.BB.006;DS.BB.007
DS.BB.006;DS.FF.001
DS.BB.006;KD.GG.006
DS.BB.006;LD.GG.003
DS.BB.006;TL.BB.003
DS.BB.007;BD.HH.005
DS.BB.007;DS.BB.002
DS.BB.007;DS.BB.006
DS.BB.008;DD.AA.001
DS.BB.008;DS.BB.004
DS.BB.008;DS.BB.006
DS.BB.008;DS.BB.007
DS.BB.008;LD.GG.003
DS.BB.008;SI.AA.010
DS.BB.009;BD.AA.005
DS.BB.009;BD.GG.001
DS.BB.009;DS.BB.002
DS.BB.009;DS.BB.004
DS.BB.009;DS.KK.005
DS.BB.009;SI.AA.010
DS.BB.009;TL.EE.009
DS.BB.010;AB.DD.007
DS.BB.010;BD.AA.007
DS.BB.010;BD.HH.003
DS.BB.010;BD.HH.006
DS.BB.010;DS.BB.001
DS.BB.010;DS.BB.002
DS.BB.010;DS.BB.006
DS.BB.010;DS.BB.007
DS.BB.010;DS.FF.001
DS.BB.010;DS.FF.009
DS.BB.010;DS.FF.010
DS.BB.010;DS.HH.002
DS.BB.010;KD.GG.006
DS.BB.010;LD.GG.004
DS.BB.010;MR.AA.008
DS.BB.010;PS.EE.002
DS.BB.010;TS.AA.013
DS.CC.001;DS.CC.002
DS.CC.001;DS.CC.003
DS.CC.001;DS.CC.004
DS.CC.001;DS.DD.001
DS.CC.001;DS.DD.002
DS.CC.001;DS.DD.003
DS.CC.001;DS.DD.004
DS.CC.001;DS.DD.005
DS.CC.001;DS.DD.006
DS.CC.001;DS.DD.007
DS.CC.001;DS.DD.008
DS.CC.001;DS.DD.009
DS.CC.001;DS.EE.001
DS.CC.001;DS.EE.002
DS.CC.001;DS.EE.003
DS.CC.001;DS.FF.001
DS.CC.001;DS.FF.002
DS.CC.001;DS.FF.003
DS.CC.001;DS.FF.004
DS.CC.001;DS.FF.005
DS.CC.001;DS.FF.006
DS.CC.001;DS.FF.007
DS.CC.001;DS.FF.008
DS.CC.001;DS.FF.009
DS.CC.001;DS.FF.010
DS.CC.001;DS.HH.002
DS.CC.001;DS.HH.003
DS.CC.001;DS.II.002
DS.CC.001;DS.II.003
DS.CC.001;DS.II.004
DS.CC.001;DS.II.005
DS.CC.001;DS.II.006
DS.CC.001;IS.CC.002
DS.CC.001;IS.CC.003
DS.CC.001;IS.CC.004
DS.CC.001;IS.CC.005
DS.CC.001;IS.CC.007
DS.CC.001;IS.CC.008
DS.CC.001;IS.CC.009
DS.CC.002;DS.BB.002
DS.CC.002;DS.BB.006
DS.CC.002;DS.BB.008
DS.CC.003;DS.BB.001
DS.CC.003;DS.CC.002
DS.CC.003;DS.CC.004
DS.CC.003;SI.AA.010
DS.CC.004;DP.BB.004
DS.CC.004;DS.BB.001
DS.CC.004;DS.BB.002
DS.CC.004;DS.CC.002
DS.CC.004;DS.CC.003
DS.CC.004;PS.FF.003
DS.CC.004;SI.AA.010
DS.DD.001;CH.AA.001
DS.DD.001;DP.AA.005
DS.DD.001;DS.DD.002
DS.DD.001;DS.DD.003
DS.DD.001;DS.DD.004
DS.DD.001;DS.DD.005
DS.DD.001;DS.DD.006
DS.DD.001;DS.DD.007
DS.DD.001;DS.DD.008
DS.DD.001;DS.DD.009
DS.DD.001;DS.EE.001
DS.DD.001;DS.EE.002
DS.DD.001;DS.EE.003
DS.DD.001;DS.FF.001
DS.DD.001;DS.FF.002
DS.DD.001;DS.FF.003
DS.DD.001;DS.FF.004
DS.DD.001;DS.FF.005
DS.DD.001;DS.FF.006
DS.DD.001;DS.FF.007
DS.DD.001;DS.FF.008
DS.DD.001;DS.FF.009
DS.DD.001;DS.FF.010
DS.DD.001;DS.HH.002
DS.DD.001;DS.HH.003
DS.DD.001;DS.II.002
DS.DD.001;DS.II.003
DS.DD.001;DS.II.004
DS.DD.001;DS.II.005
DS.DD.001;DS.II.006
DS.DD.001;ER.FF.003
DS.DD.001;HB.AA.008
DS.DD.001;HB.AA.009
DS.DD.001;IS.CC.002
DS.DD.001;IS.CC.003
DS.DD.001;IS.CC.004
DS.DD.001;IS.CC.005
DS.DD.001;IS.CC.007
DS.DD.001;IS.CC.008
DS.DD.001;IS.CC.009
DS.DD.001;KD.BB.006
DS.DD.001;KD.JJ.004
DS.DD.001;KD.JJ.007
DS.DD.001;LD.GG.008
DS.DD.001;NP.BB.001
DS.DD.001;NP.BB.002
DS.DD.001;NP.BB.003
DS.DD.001;PS.DD.002
DS.DD.001;PS.DD.006
DS.DD.001;PS.DD.007
DS.DD.001;TL.II.012
DS.DD.002;DS.DD.001
DS.DD.002;DS.DD.003
DS.DD.002;PS.FF.003
DS.DD.002;TL.II.002
DS.DD.002;TL.II.007
DS.DD.002;TL.II.008
DS.DD.002;TL.II.013
DS.DD.003;AB.GG.004
DS.DD.003;BD.HH.004
DS.DD.003;BM.BB.001
DS.DD.003;BM.CC.007
DS.DD.003;CH.BB.001
DS.DD.003;DD.AA.001
DS.DD.003;DS.BB.005
DS.DD.003;KD.LL.003
DS.DD.003;PS.EE.002
DS.DD.003;SI.AA.009
DS.DD.003;SI.AA.010
DS.DD.003;TL.BB.003
DS.DD.003;TL.II.008
DS.DD.004;DS.DD.003
DS.DD.004;KD.FF.027
DS.DD.004;TL.II.008
DS.DD.005;CH.AA.004
DS.DD.005;DP.AA.005
DS.DD.005;DS.DD.001
DS.DD.005;KD.DD.002
DS.DD.005;TL.HH.006
DS.DD.005;TL.II.006
DS.DD.005;TL.II.008
DS.DD.005;TL.II.012
DS.DD.005;TL.II.014
DS.DD.006;AB.BB.001
DS.DD.006;AB.BB.008
DS.DD.006;BM.CC.006
DS.DD.006;CH.BB.001
DS.DD.006;DS.DD.004
DS.DD.006;DS.DD.005
DS.DD.006;ER.EE.006
DS.DD.006;IS.CC.004
DS.DD.006;TL.II.014
DS.DD.007;BA.AA.004
DS.DD.007;CH.BB.003
DS.DD.007;DS.DD.001
DS.DD.007;DS.DD.006
DS.DD.007;FT.GG.001
DS.DD.007;IS.BB.004
DS.DD.007;TL.II.007
DS.DD.007;TL.II.008
DS.DD.007;TL.II.013
DS.DD.008;DS.DD.006
DS.DD.008;DS.DD.007
DS.DD.008;ER.CC.002
DS.DD.008;KD.BB.007
DS.DD.008;KD.II.002
DS.DD.008;TL.II.012
DS.DD.009;BA.AA.004
DS.DD.009;DS.DD.005
DS.DD.009;DS.DD.007
DS.DD.009;DS.DD.008
DS.DD.009;NP.BB.001
DS.DD.009;SI.CC.003
DS.DD.009;TL.II.008
DS.EE.001;DS.DD.002
DS.EE.001;DS.EE.002
DS.EE.002;DS.BB.001
DS.EE.002;DS.EE.001
DS.EE.002;KD.HH.003
DS.EE.002;LD.EE.002
DS.EE.003;BM.BB.001
DS.EE.003;DS.DD.002
DS.EE.003;DS.EE.001
DS.EE.003;DS.EE.002
DS.EE.003;DS.FF.003
DS.EE.003;IS.CC.003
DS.EE.003;KD.DD.002
DS.EE.003;KD.HH.003
DS.EE.003;SI.AA.001
DS.EE.003;SI.BB.001
DS.EE.003;TL.BB.003
DS.EE.003;TL.GG.004
DS.FF.001;DS.FF.002
DS.FF.001;DS.FF.003
DS.FF.001;DS.FF.004
DS.FF.001;DS.FF.005
DS.FF.001;DS.FF.006
DS.FF.001;DS.FF.007
DS.FF.001;DS.FF.008
DS.FF.001;DS.FF.009
DS.FF.001;DS.FF.010
DS.FF.001;PS.DD.002
DS.FF.001;PS.DD.006
DS.FF.001;PS.DD.007
DS.FF.002;DS.BB.001
DS.FF.002;DS.FF.001
DS.FF.002;IS.CC.004
DS.FF.002;KD.HH.002
DS.FF.002;PS.AA.000
DS.FF.003;AB.DD.006
DS.FF.003;DS.DD.001
DS.FF.003;DS.FF.002
DS.FF.003;IS.CC.004
DS.FF.003;IS.CC.005
DS.FF.003;IS.CC.009
DS.FF.003;MS.BB.001
DS.FF.004;AB.DD.006
DS.FF.004;DS.BB.001
DS.FF.004;DS.FF.009
DS.FF.004;KD.BB.007
DS.FF.004;LD.CC.005
DS.FF.004;SI.DD.001
DS.FF.005;AB.BB.003
DS.FF.005;DS.BB.001
DS.FF.005;DS.FF.003
DS.FF.005;DS.FF.004
DS.FF.005;KD.FF.001
DS.FF.005;LD.FF.003
DS.FF.005;TL.DD.002
DS.FF.005;TL.JJ.008
DS.FF.006;BM.AA.006
DS.FF.006;DS.DD.002
DS.FF.006;DS.FF.005
DS.FF.006;IS.AA.000
DS.FF.006;KD.HH.005
DS.FF.006;LD.FF.003
DS.FF.006;PS.II.009
DS.FF.006;TL.HH.003
DS.FF.006;TS.AA.011
DS.FF.007;DS.BB.001
DS.FF.007;IS.CC.004
DS.FF.007;PS.FF.003
DS.FF.008;DS.DD.001
DS.FF.008;DS.EE.002
DS.FF.008;DS.FF.005
DS.FF.008;DS.FF.006
DS.FF.008;DS.FF.007
DS.FF.008;DS.FF.009
DS.FF.008;ER.CC.001
DS.FF.008;IS.CC.007
DS.FF.008;PS.CC.004
DS.FF.008;TL.EE.010
DS.FF.009;AB.GG.004
DS.FF.009;BD.HH.003
DS.FF.009;DD.AA.001
DS.FF.009;DS.BB.002
DS.FF.009;DS.FF.001
DS.FF.009;DS.FF.007
DS.FF.009;DS.KK.003
DS.FF.009;IS.CC.003
DS.FF.009;IS.CC.004
DS.FF.009;QD.AA.000
DS.FF.010;DS.BB.001
DS.FF.010;DS.BB.006
DS.FF.010;DS.BB.007
DS.FF.010;DS.FF.001
DS.FF.010;DS.FF.006
DS.FF.010;DS.FF.008
DS.FF.010;DS.FF.009
DS.FF.010;LD.GG.001
DS.FF.010;PS.HH.002
DS.HH.002;BD.GG.003
DS.HH.002;DS.BB.006
DS.HH.002;DS.BB.007
DS.HH.002;DS.BB.009
DS.HH.002;KD.GG.006
DS.HH.002;QD.CC.003
DS.HH.003;BD.HH.006
DS.HH.003;DS.BB.001
DS.HH.003;DS.BB.002
DS.HH.003;DS.BB.006
DS.HH.003;DS.BB.007
DS.HH.003;DS.BB.010
DS.HH.003;LD.GG.002
DS.HH.003;SI.BB.001
DS.II.002;BD.HH.001
DS.II.002;BD.HH.004
DS.II.002;BD.JJ.002
DS.II.002;DS.DD.001
DS.II.002;TS.AA.013
DS.II.003;BD.HH.004
DS.II.003;BM.BB.001
DS.II.003;DS.BB.002
DS.II.003;DS.II.002
DS.II.003;HB.AA.008
DS.II.003;HB.AA.009
DS.II.003;SI.DD.001
DS.II.003;TL.EE.003
DS.II.003;TL.GG.004
DS.II.003;TS.AA.013
DS.II.004;DS.HH.002
DS.II.004;DS.II.002
DS.II.004;DS.II.003
DS.II.004;DS.II.005
DS.II.004;PS.AA.004
DS.II.004;TL.EE.003
DS.II.004;TL.EE.010
DS.II.005;AB.DD.007
DS.II.005;BD.AA.004
DS.II.005;BD.AA.005
DS.II.005;BD.AA.007
DS.II.005;DS.DD.001
DS.II.005;DS.FF.002
DS.II.005;DS.FF.003
DS.II.005;DS.II.004
DS.II.005;LD.GG.003
DS.II.005;TL.EE.006
DS.II.005;TL.GG.003
DS.II.006;DS.FF.003
DS.II.006;IS.CC.009
DS.II.006;KD.EE.004
DS.II.006;KD.FF.018
DS.II.006;KD.KK.001
DS.II.006;SI.AA.012
DS.JJ.001;DS.JJ.002
DS.JJ.001;DS.JJ.003
DS.JJ.001;DS.JJ.004
DS.JJ.001;DS.JJ.005
DS.JJ.001;DS.JJ.006
DS.JJ.002;AB.CC.005
DS.JJ.002;AB.FF.003
DS.JJ.002;DS.JJ.006
DS.JJ.002;KD.II.008
DS.JJ.003;BD.AA.007
DS.JJ.003;BD.HH.001
DS.JJ.003;DS.JJ.002
DS.JJ.003;DS.JJ.004
DS.JJ.003;DS.JJ.005
DS.JJ.003;DS.JJ.006
DS.JJ.004;AB.DD.005
DS.JJ.004;DS.JJ.005
DS.JJ.004;KD.EE.002
DS.JJ.004;TL.CC.006
DS.JJ.005;DS.JJ.006
DS.JJ.005;QD.AA.000
DS.JJ.006;AB.AA.000
DS.JJ.006;AB.GG.006
DS.JJ.006;BD.HH.001
DS.JJ.006;CH.AA.000
DS.JJ.006;CH.BB.002
DS.JJ.006;DS.BB.001
DS.JJ.006;DS.BB.006
DS.JJ.006;KD.II.001
DS.JJ.006;KD.II.008
DS.JJ.006;KD.LL.002
DS.JJ.006;QD.AA.000
DS.KK.001;DS.KK.002
DS.KK.001;DS.KK.003
DS.KK.001;DS.KK.004
DS.KK.001;DS.KK.005
DS.KK.001;DS.KK.007
DS.KK.002;KD.BB.001
DS.KK.002;KD.FF.005
DS.KK.002;KD.FF.006
DS.KK.002;KD.FF.010
DS.KK.002;KD.JJ.004
DS.KK.002;PS.II.003
DS.KK.002;TL.CC.005
DS.KK.003;AB.CC.002
DS.KK.003;AB.GG.005
DS.KK.003;BD.AA.007
DS.KK.003;BD.HH.001
DS.KK.003;DD.AA.001
DS.KK.003;DS.AA.001
DS.KK.003;DS.BB.001
DS.KK.003;DS.JJ.003
DS.KK.003;KD.FF.003
DS.KK.003;QD.AA.000
DS.KK.003;TL.EE.006
DS.KK.003;TL.GG.003
DS.KK.003;TL.GG.004
DS.KK.004;DP.AA.004
DS.KK.004;DS.BB.001
DS.KK.004;DS.BB.002
DS.KK.004;TL.GG.004
DS.KK.005;BD.AA.005
DS.KK.005;BD.BB.001
DS.KK.005;BD.GG.001
DS.KK.005;BD.HH.001
DS.KK.005;DD.AA.001
DS.KK.005;DS.BB.001
DS.KK.005;DS.JJ.001
DS.KK.005;DS.JJ.005
DS.KK.005;DS.JJ.006
DS.KK.005;TL.CC.006
DS.KK.006;AB.BB.005
DS.KK.006;AB.DD.005
DS.KK.006;BD.CC.001
DS.KK.006;BM.AA.005
DS.KK.006;BM.AA.006
DS.KK.006;BM.BB.001
DS.KK.006;DP.BB.005
DS.KK.006;DS.KK.007
DS.KK.006;KD.BB.006
DS.KK.006;LD.AA.000
DS.KK.006;TL.BB.003
DS.KK.007;AB.FF.003
DS.KK.007;BM.AA.007
DS.KK.007;BM.BB.001
DS.KK.007;DS.FF.008
DS.KK.007;DS.KK.006
DS.KK.007;ER.FF.004
DS.KK.007;KD.HH.003
DS.KK.007;PS.II.009
DS.KK.007;SI.BB.005
DS.KK.007;TL.BB.003
DS.KK.007;TL.BB.004
DS.KK.008;AB.DD.006
DS.KK.008;AB.FF.002
DS.KK.008;AB.FF.003
DS.KK.008;AB.FF.004
DS.KK.008;DS.BB.001
DS.KK.008;DS.BB.009
DS.KK.008;SI.AA.010
ER.AA.000;ER.BB.001
ER.AA.000;ER.EE.001
ER.AA.000;ER.FF.001
ER.AA.000;ER.GG.001
ER.BB.001;ER.BB.002
ER.BB.001;ER.BB.003
ER.BB.001;ER.CC.001
ER.BB.001;ER.DD.001
ER.BB.001;PS.GG.002
ER.BB.002;HB.AA.018
ER.BB.002;KD.BB.001
ER.BB.002;PS.GG.002
ER.BB.002;SI.AA.001
ER.BB.003;PS.GG.010
ER.BB.003;SI.AA.001
ER.CC.001;ER.CC.002
ER.CC.001;ER.CC.003
ER.CC.001;ER.CC.004
ER.CC.001;ER.CC.005
ER.CC.001;ER.CC.006
ER.CC.001;ER.CC.007
ER.CC.001;ER.CC.008
ER.CC.001;ER.CC.009
ER.CC.001;ER.CC.010
ER.CC.001;ER.CC.011
ER.CC.001;ER.CC.012
ER.CC.001;IS.CC.005
ER.CC.002;ER.BB.003
ER.CC.002;ER.CC.001
ER.CC.002;ER.HH.001
ER.CC.002;KD.BB.007
ER.CC.002;KD.HH.003
ER.CC.002;PS.BB.009
ER.CC.002;PS.CC.006
ER.CC.002;PS.EE.002
ER.CC.002;PS.GG.009
ER.CC.002;TL.II.009
ER.CC.003;ER.CC.001
ER.CC.003;ER.CC.002
ER.CC.004;AB.GG.006
ER.CC.004;ER.CC.001
ER.CC.004;ER.CC.003
ER.CC.004;ER.CC.005
ER.CC.004;HB.AA.008
ER.CC.004;HB.AA.009
ER.CC.004;TS.AA.001
ER.CC.004;TS.AA.002
ER.CC.005;AB.BB.003
ER.CC.005;AB.BB.007
ER.CC.005;AB.DD.006
ER.CC.005;AB.FF.004
ER.CC.005;ER.CC.001
ER.CC.005;ER.CC.004
ER.CC.005;IS.CC.004
ER.CC.005;IS.CC.005
ER.CC.005;IS.CC.008
ER.CC.005;LD.BB.004
ER.CC.006;ER.CC.005
ER.CC.006;IS.CC.005
ER.CC.007;AB.GG.004
ER.CC.007;BD.AA.007
ER.CC.007;BD.CC.007
ER.CC.007;BD.DD.002
ER.CC.007;ER.CC.001
ER.CC.007;ER.CC.002
ER.CC.007;ER.CC.004
ER.CC.007;ER.CC.006
ER.CC.007;ER.CC.008
ER.CC.007;IS.CC.005
ER.CC.007;PS.DD.005
ER.CC.007;PS.EE.010
ER.CC.007;QD.BB.002
ER.CC.008;AB.DD.006
ER.CC.008;BD.AA.007
ER.CC.008;BD.CC.005
ER.CC.008;ER.CC.001
ER.CC.008;ER.CC.005
ER.CC.008;PS.CC.002
ER.CC.008;PS.DD.005
ER.CC.008;PS.GG.002
ER.CC.008;PS.GG.016
ER.CC.009;BM.BB.001
ER.CC.009;ER.CC.002
ER.CC.009;ER.CC.006
ER.CC.009;TL.BB.003
ER.CC.010;DS.BB.001
ER.CC.010;ER.CC.001
ER.CC.010;ER.CC.002
ER.CC.010;ER.CC.003
ER.CC.010;ER.CC.009
ER.CC.010;IS.CC.007
ER.CC.010;PD.BB.000
ER.CC.010;PS.II.007
ER.CC.011;ER.CC.001
ER.CC.011;ER.CC.003
ER.CC.011;ER.CC.005
ER.CC.011;ER.CC.006
ER.CC.011;ER.CC.008
ER.CC.011;KD.JJ.006
ER.CC.011;PS.II.009
ER.CC.012;ER.CC.001
ER.DD.001;ER.DD.002
ER.DD.002;AB.BB.008
ER.DD.002;ER.BB.002
ER.DD.002;KD.HH.004
ER.DD.002;LD.EE.002
ER.DD.002;PS.GG.002
ER.DD.002;PS.GG.008
ER.DD.002;SI.AA.010
ER.DD.002;TL.EE.002
ER.DD.002;TL.EE.004
ER.DD.002;TL.HH.006
ER.EE.001;ER.EE.002
ER.EE.001;ER.EE.003
ER.EE.001;ER.EE.004
ER.EE.001;ER.EE.005
ER.EE.001;ER.EE.006
ER.EE.001;ER.EE.007
ER.EE.002;CH.AA.001
ER.EE.002;KD.FF.016
ER.EE.003;BA.AA.003
ER.EE.003;BA.AA.004
ER.EE.003;BA.AA.005
ER.EE.003;ER.AA.000
ER.EE.003;ER.BB.001
ER.EE.003;ER.EE.004
ER.EE.003;ER.FF.001
ER.EE.003;PS.GG.008
ER.EE.003;TL.II.007
ER.EE.003;TL.II.008
ER.EE.004;BM.DD.005
ER.EE.004;ER.EE.003
ER.EE.004;KD.JJ.004
ER.EE.004;LD.EE.003
ER.EE.004;TL.II.007
ER.EE.004;TL.II.008
ER.EE.005;AB.BB.008
ER.EE.005;CH.AA.004
ER.EE.005;ER.EE.003
ER.EE.005;PS.EE.001
ER.EE.005;TS.AA.004
ER.EE.005;TS.AA.013
ER.EE.006;ER.EE.003
ER.EE.006;ER.EE.004
ER.EE.007;AB.EE.002
ER.EE.007;BA.AA.000
ER.EE.007;CH.AA.004
ER.EE.007;KD.HH.007
ER.EE.007;LD.FF.004
ER.EE.007;TS.AA.011
ER.EE.007;TS.AA.013
ER.FF.001;ER.FF.002
ER.FF.001;ER.FF.003
ER.FF.001;ER.FF.004
ER.FF.001;ER.FF.005
ER.FF.002;BM.AA.000
ER.FF.002;ER.AA.000
ER.FF.002;ER.FF.001
ER.FF.002;ER.HH.001
ER.FF.002;PS.AA.007
ER.FF.002;PS.DD.004
ER.FF.002;PS.GG.002
ER.FF.002;PS.HH.004
ER.FF.002;SI.AA.001
ER.FF.003;ER.EE.002
ER.FF.004;BM.AA.008
ER.FF.005;ER.FF.001
ER.FF.005;ER.FF.002
ER.GG.001;ER.GG.002
ER.GG.002;AB.DD.005
ER.GG.002;BD.HH.005
ER.GG.002;DS.BB.006
ER.GG.002;ER.FF.005
ER.GG.002;KD.GG.006
ER.GG.002;LD.GG.003
ER.GG.002;PS.GG.002
ER.GG.002;SI.AA.001
ER.HH.001;ER.BB.002
ER.HH.001;ER.BB.003
ER.HH.001;ER.CC.001
FT.BB.001;BM.DD.005
FT.BB.001;LD.GG.003
FT.BB.001;TL.JJ.008
FT.CC.001;TS.AA.004
FT.DD.001;FT.BB.001
FT.EE.001;TL.CC.007
FT.FF.001;TS.AA.001
FT.FF.001;TS.AA.002
FT.GG.001;AB.DD.008
FT.GG.001;BA.AA.000
FT.GG.001;BA.AA.001
FT.GG.001;BA.AA.002
FT.GG.001;BA.AA.003
FT.GG.001;BA.AA.004
FT.GG.001;BA.AA.005
FT.GG.001;BD.AA.001
FT.GG.001;BD.AA.007
FT.GG.001;BD.EE.004
FT.GG.001;BD.EE.005
FT.GG.001;BD.FF.004
FT.GG.001;BD.II.005
FT.GG.001;BM.AA.002
FT.GG.001;BM.AA.008
FT.GG.001;BM.CC.001
FT.GG.001;BM.CC.002
FT.GG.001;BM.CC.003
FT.GG.001;BM.CC.004
FT.GG.001;BM.CC.005
FT.GG.001;BM.CC.006
FT.GG.001;BM.CC.007
FT.GG.001;BM.DD.005
FT.GG.001;CH.AA.000
FT.GG.001;CH.AA.001
FT.GG.001;CH.AA.002
FT.GG.001;CH.AA.003
FT.GG.001;CH.AA.004
FT.GG.001;CH.AA.005
FT.GG.001;CH.BB.002
FT.GG.001;CH.BB.003
FT.GG.001;CH.BB.004
FT.GG.001;CH.BB.005
FT.GG.001;CH.BB.006
FT.GG.001;DP.AA.003
FT.GG.001;DP.AA.004
FT.GG.001;DP.AA.005
FT.GG.001;DS.BB.001
FT.GG.001;DS.BB.002
FT.GG.001;DS.BB.003
FT.GG.001;DS.BB.005
FT.GG.001;DS.DD.001
FT.GG.001;DS.DD.002
FT.GG.001;DS.DD.003
FT.GG.001;DS.DD.004
FT.GG.001;DS.DD.005
FT.GG.001;DS.DD.006
FT.GG.001;DS.DD.007
FT.GG.001;DS.DD.008
FT.GG.001;DS.DD.009
FT.GG.001;DS.FF.008
FT.GG.001;DS.KK.007
FT.GG.001;ER.BB.002
FT.GG.001;ER.BB.003
FT.GG.001;ER.CC.001
FT.GG.001;ER.CC.003
FT.GG.001;ER.CC.004
FT.GG.001;ER.CC.005
FT.GG.001;ER.CC.006
FT.GG.001;ER.CC.007
FT.GG.001;ER.CC.008
FT.GG.001;ER.CC.009
FT.GG.001;ER.CC.010
FT.GG.001;ER.CC.011
FT.GG.001;ER.CC.012
FT.GG.001;ER.DD.001
FT.GG.001;ER.DD.002
FT.GG.001;ER.EE.001
FT.GG.001;ER.EE.002
FT.GG.001;ER.EE.003
FT.GG.001;ER.EE.004
FT.GG.001;ER.EE.005
FT.GG.001;ER.EE.006
FT.GG.001;ER.EE.007
FT.GG.001;ER.FF.002
FT.GG.001;ER.FF.003
FT.GG.001;ER.FF.004
FT.GG.001;ER.FF.005
FT.GG.001;ER.GG.002
FT.GG.001;ER.HH.001
FT.GG.001;FT.HH.001
FT.GG.001;FT.JJ.002
FT.GG.001;HB.AA.003
FT.GG.001;HB.AA.012
FT.GG.001;IS.BB.001
FT.GG.001;IS.BB.002
FT.GG.001;IS.BB.003
FT.GG.001;IS.BB.004
FT.GG.001;IS.BB.005
FT.GG.001;IS.BB.006
FT.GG.001;IS.BB.007
FT.GG.001;IS.BB.008
FT.GG.001;IS.BB.009
FT.GG.001;IS.BB.010
FT.GG.001;IS.BB.011
FT.GG.001;IS.CC.004
FT.GG.001;KD.BB.006
FT.GG.001;KD.DD.001
FT.GG.001;KD.DD.005
FT.GG.001;KD.FF.002
FT.GG.001;KD.FF.017
FT.GG.001;KD.GG.001
FT.GG.001;KD.GG.006
FT.GG.001;KD.GG.007
FT.GG.001;KD.GG.008
FT.GG.001;KD.GG.009
FT.GG.001;KD.II.002
FT.GG.001;KD.II.010
FT.GG.001;KD.II.011
FT.GG.001;KD.II.012
FT.GG.001;KD.JJ.004
FT.GG.001;KD.JJ.007
FT.GG.001;KD.JJ.010
FT.GG.001;KD.JJ.011
FT.GG.001;KD.JJ.012
FT.GG.001;KD.LL.002
FT.GG.001;LD.BB.001
FT.GG.001;LD.BB.002
FT.GG.001;LD.BB.005
FT.GG.001;LD.BB.006
FT.GG.001;LD.BB.007
FT.GG.001;LD.BB.008
FT.GG.001;LD.BB.009
FT.GG.001;LD.BB.010
FT.GG.001;LD.CC.001
FT.GG.001;LD.CC.004
FT.GG.001;LD.CC.007
FT.GG.001;LD.EE.002
FT.GG.001;LD.FF.003
FT.GG.001;LD.FF.004
FT.GG.001;LD.GG.008
FT.GG.001;MR.AA.000
FT.GG.001;MR.AA.001
FT.GG.001;MR.AA.004
FT.GG.001;NP.BB.001
FT.GG.001;NP.BB.002
FT.GG.001;NP.BB.003
FT.GG.001;PS.AA.000
FT.GG.001;PS.AA.004
FT.GG.001;PS.BB.006
FT.GG.001;PS.CC.002
FT.GG.001;PS.DD.003
FT.GG.001;PS.DD.004
FT.GG.001;PS.DD.005
FT.GG.001;PS.EE.002
FT.GG.001;PS.EE.008
FT.GG.001;PS.GG.001
FT.GG.001;PS.GG.004
FT.GG.001;PS.GG.006
FT.GG.001;PS.GG.007
FT.GG.001;PS.GG.008
FT.GG.001;PS.GG.010
FT.GG.001;PS.GG.011
FT.GG.001;PS.GG.012
FT.GG.001;PS.GG.013
FT.GG.001;PS.GG.015
FT.GG.001;PS.GG.016
FT.GG.001;PS.GG.017
FT.GG.001;PS.II.001
FT.GG.001;PS.II.002
FT.GG.001;PS.II.007
FT.GG.001;PS.II.008
FT.GG.001;PS.II.010
FT.GG.001;PS.II.011
FT.GG.001;SI.AA.000
FT.GG.001;SI.AA.001
FT.GG.001;SI.AA.009
FT.GG.001;SI.AA.010
FT.GG.001;SI.AA.011
FT.GG.001;SI.AA.013
FT.GG.001;SI.CC.003
FT.GG.001;TL.BB.006
FT.GG.001;TL.DD.002
FT.GG.001;TL.DD.003
FT.GG.001;TL.DD.006
FT.GG.001;TL.EE.001
FT.GG.001;TL.EE.002
FT.GG.001;TL.EE.008
FT.GG.001;TL.EE.010
FT.GG.001;TL.HH.001
FT.GG.001;TL.HH.002
FT.GG.001;TL.II.001
FT.GG.001;TL.II.002
FT.GG.001;TL.II.006
FT.GG.001;TL.II.007
FT.GG.001;TL.II.008
FT.GG.001;TL.II.009
FT.GG.001;TL.II.010
FT.GG.001;TL.II.011
FT.GG.001;TL.II.012
FT.GG.001;TL.II.013
FT.GG.001;TL.II.014
FT.GG.001;TL.JJ.002
FT.GG.001;TL.JJ.007
FT.GG.001;TL.JJ.008
FT.GG.001;TL.JJ.009
FT.HH.001;AB.BB.001
FT.HH.001;AB.BB.003
FT.HH.001;AB.BB.004
FT.HH.001;AB.BB.005
FT.HH.001;AB.BB.006
FT.HH.001;AB.BB.007
FT.HH.001;AB.BB.008
FT.HH.001;AB.BB.009
FT.HH.001;AB.BB.010
FT.HH.001;AB.CC.002
FT.HH.001;AB.CC.003
FT.HH.001;AB.CC.004
FT.HH.001;AB.CC.005
FT.HH.001;AB.CC.006
FT.HH.001;AB.CC.007
FT.HH.001;AB.DD.002
FT.HH.001;AB.DD.003
FT.HH.001;AB.DD.004
FT.HH.001;AB.DD.005
FT.HH.001;AB.DD.006
FT.HH.001;AB.DD.007
FT.HH.001;AB.DD.008
FT.HH.001;AB.EE.002
FT.HH.001;AB.FF.002
FT.HH.001;AB.FF.003
FT.HH.001;AB.FF.004
FT.HH.001;AB.GG.002
FT.HH.001;AB.GG.003
FT.HH.001;AB.GG.004
FT.HH.001;AB.GG.005
FT.HH.001;AB.GG.006
FT.HH.001;BC.AA.001
FT.HH.001;BC.AA.002
FT.HH.001;BC.AA.003
FT.HH.001;BC.AA.004
FT.HH.001;BC.AA.005
FT.HH.001;BC.AA.006
FT.HH.001;BD.AA.001
FT.HH.001;BD.AA.002
FT.HH.001;BD.AA.003
FT.HH.001;BD.AA.004
FT.HH.001;BD.AA.005
FT.HH.001;BD.AA.006
FT.HH.001;BD.AA.007
FT.HH.001;BD.AA.008
FT.HH.001;BD.AA.009
FT.HH.001;BD.AA.010
FT.HH.001;BD.BB.001
FT.HH.001;BD.GG.002
FT.HH.001;BD.GG.003
FT.HH.001;BD.GG.004
FT.HH.001;BD.HH.002
FT.HH.001;BD.HH.003
FT.HH.001;BD.HH.004
FT.HH.001;BD.HH.005
FT.HH.001;BD.HH.006
FT.HH.001;BD.HH.007
FT.HH.001;BD.II.002
FT.HH.001;BD.II.003
FT.HH.001;BD.II.004
FT.HH.001;BD.II.005
FT.HH.001;BD.II.006
FT.HH.001;BD.JJ.001
FT.HH.001;BD.JJ.002
FT.HH.001;BD.JJ.003
FT.HH.001;BM.AA.000
FT.HH.001;BM.AA.001
FT.HH.001;BM.AA.002
FT.HH.001;BM.AA.003
FT.HH.001;BM.AA.004
FT.HH.001;BM.AA.005
FT.HH.001;BM.AA.006
FT.HH.001;BM.AA.007
FT.HH.001;BM.AA.008
FT.HH.001;BM.AA.009
FT.HH.001;BM.AA.010
FT.HH.001;BM.AA.011
FT.HH.001;BM.AA.012
FT.HH.001;BM.AA.013
FT.HH.001;BM.AA.014
FT.HH.001;BM.AA.015
FT.HH.001;BM.BB.001
FT.HH.001;BM.DD.002
FT.HH.001;BM.DD.003
FT.HH.001;BM.DD.004
FT.HH.001;BM.DD.005
FT.HH.001;BM.DD.006
FT.HH.001;BM.DD.007
FT.HH.001;BM.DD.008
FT.HH.001;DD.AA.001
FT.HH.001;DD.AA.002
FT.HH.001;DD.AA.003
FT.HH.001;DD.AA.004
FT.HH.001;DD.AA.005
FT.HH.001;DD.AA.006
FT.HH.001;DD.AA.007
FT.HH.001;DP.AA.001
FT.HH.001;DP.AA.002
FT.HH.001;DP.AA.003
FT.HH.001;DP.AA.004
FT.HH.001;DP.AA.005
FT.HH.001;DP.BB.002
FT.HH.001;DP.BB.003
FT.HH.001;DP.BB.004
FT.HH.001;DP.BB.005
FT.HH.001;DP.BB.006
FT.HH.001;DS.AA.001
FT.HH.001;DS.AA.002
FT.HH.001;DS.BB.001
FT.HH.001;DS.BB.002
FT.HH.001;DS.BB.003
FT.HH.001;DS.BB.004
FT.HH.001;DS.BB.006
FT.HH.001;DS.BB.007
FT.HH.001;DS.BB.008
FT.HH.001;DS.BB.009
FT.HH.001;DS.BB.010
FT.HH.001;DS.CC.002
FT.HH.001;DS.CC.003
FT.HH.001;DS.CC.004
FT.HH.001;DS.DD.002
FT.HH.001;DS.EE.001
FT.HH.001;DS.EE.002
FT.HH.001;DS.EE.003
FT.HH.001;DS.FF.002
FT.HH.001;DS.FF.003
FT.HH.001;DS.FF.004
FT.HH.001;DS.FF.006
FT.HH.001;DS.FF.007
FT.HH.001;DS.FF.008
FT.HH.001;DS.FF.010
FT.HH.001;DS.HH.002
FT.HH.001;DS.HH.003
FT.HH.001;DS.II.002
FT.HH.001;DS.II.003
FT.HH.001;DS.II.004
FT.HH.001;DS.II.005
FT.HH.001;DS.JJ.002
FT.HH.001;DS.JJ.003
FT.HH.001;DS.JJ.004
FT.HH.001;DS.JJ.005
FT.HH.001;DS.JJ.006
FT.HH.001;DS.KK.002
FT.HH.001;DS.KK.003
FT.HH.001;DS.KK.004
FT.HH.001;DS.KK.005
FT.HH.001;DS.KK.007
FT.HH.001;ER.BB.002
FT.HH.001;ER.FF.001
FT.HH.001;FT.BB.001
FT.HH.001;FT.CC.001
FT.HH.001;FT.DD.001
FT.HH.001;FT.DD.002
FT.HH.001;FT.DD.003
FT.HH.001;FT.EE.001
FT.HH.001;FT.GG.001
FT.HH.001;FT.II.001
FT.HH.001;FT.JJ.001
FT.HH.001;FT.JJ.002
FT.HH.001;FT.JJ.003
FT.HH.001;FT.JJ.004
FT.HH.001;FT.JJ.005
FT.HH.001;FT.JJ.006
FT.HH.001;HB.AA.001
FT.HH.001;HB.AA.002
FT.HH.001;HB.AA.004
FT.HH.001;HB.AA.005
FT.HH.001;HB.AA.006
FT.HH.001;HB.AA.007
FT.HH.001;HB.AA.008
FT.HH.001;HB.AA.009
FT.HH.001;HB.AA.010
FT.HH.001;HB.AA.011
FT.HH.001;HB.AA.012
FT.HH.001;HB.AA.013
FT.HH.001;HB.AA.014
FT.HH.001;HB.AA.015
FT.HH.001;HB.AA.016
FT.HH.001;HB.AA.017
FT.HH.001;HB.AA.018
FT.HH.001;HB.AA.019
FT.HH.001;IS.CC.002
FT.HH.001;IS.CC.003
FT.HH.001;IS.CC.004
FT.HH.001;IS.CC.005
FT.HH.001;IS.CC.006
FT.HH.001;IS.CC.008
FT.HH.001;IS.CC.009
FT.HH.001;KD..
FT.HH.001;KD.AA.001
FT.HH.001;KD.BB.002
FT.HH.001;KD.BB.003
FT.HH.001;KD.BB.004
FT.HH.001;KD.BB.005
FT.HH.001;KD.BB.006
FT.HH.001;KD.BB.007
FT.HH.001;KD.CC.001
FT.HH.001;KD.DD.002
FT.HH.001;KD.DD.003
FT.HH.001;KD.DD.004
FT.HH.001;KD.EE.002
FT.HH.001;KD.EE.003
FT.HH.001;KD.EE.004
FT.HH.001;KD.FF.003
FT.HH.001;KD.FF.004
FT.HH.001;KD.FF.006
FT.HH.001;KD.FF.007
FT.HH.001;KD.FF.008
FT.HH.001;KD.FF.009
FT.HH.001;KD.FF.010
FT.HH.001;KD.FF.011
FT.HH.001;KD.FF.012
FT.HH.001;KD.FF.014
FT.HH.001;KD.FF.015
FT.HH.001;KD.FF.016
FT.HH.001;KD.FF.017
FT.HH.001;KD.FF.018
FT.HH.001;KD.FF.019
FT.HH.001;KD.FF.020
FT.HH.001;KD.FF.021
FT.HH.001;KD.FF.023
FT.HH.001;KD.FF.024
FT.HH.001;KD.FF.025
FT.HH.001;KD.FF.026
FT.HH.001;KD.FF.027
FT.HH.001;KD.FF.028
FT.HH.001;KD.FF.029
FT.HH.001;KD.GG.002
FT.HH.001;KD.GG.003
FT.HH.001;KD.GG.004
FT.HH.001;KD.GG.005
FT.HH.001;KD.GG.006
FT.HH.001;KD.GG.009
FT.HH.001;KD.HH.002
FT.HH.001;KD.HH.004
FT.HH.001;KD.HH.005
FT.HH.001;KD.HH.006
FT.HH.001;KD.HH.007
FT.HH.001;KD.HH.008
FT.HH.001;KD.HH.009
FT.HH.001;KD.II.002
FT.HH.001;KD.II.003
FT.HH.001;KD.II.004
FT.HH.001;KD.II.005
FT.HH.001;KD.II.006
FT.HH.001;KD.II.007
FT.HH.001;KD.JJ.003
FT.HH.001;KD.JJ.004
FT.HH.001;KD.JJ.005
FT.HH.001;KD.JJ.006
FT.HH.001;KD.JJ.007
FT.HH.001;KD.JJ.008
FT.HH.001;KD.JJ.009
FT.HH.001;KD.JJ.013
FT.HH.001;KD.KK.002
FT.HH.001;KD.KK.003
FT.HH.001;KD.KK.004
FT.HH.001;KD.KK.005
FT.HH.001;KD.KK.006
FT.HH.001;KD.KK.007
FT.HH.001;KD.LL.002
FT.HH.001;LD.AA.002
FT.HH.001;LD.AA.003
FT.HH.001;LD.AA.004
FT.HH.001;LD.AA.006
FT.HH.001;LD.AA.007
FT.HH.001;LD.AA.008
FT.HH.001;LD.AA.009
FT.HH.001;LD.AA.010
FT.HH.001;LD.AA.011
FT.HH.001;LD.BB.001
FT.HH.001;LD.BB.002
FT.HH.001;LD.BB.003
FT.HH.001;LD.BB.005
FT.HH.001;LD.BB.006
FT.HH.001;LD.BB.007
FT.HH.001;LD.BB.008
FT.HH.001;LD.BB.009
FT.HH.001;LD.BB.010
FT.HH.001;LD.CC.002
FT.HH.001;LD.CC.003
FT.HH.001;LD.CC.004
FT.HH.001;LD.CC.005
FT.HH.001;LD.CC.006
FT.HH.001;LD.DD.002
FT.HH.001;LD.DD.003
FT.HH.001;LD.DD.004
FT.HH.001;LD.EE.002
FT.HH.001;LD.EE.003
FT.HH.001;LD.EE.004
FT.HH.001;LD.FF.003
FT.HH.001;LD.FF.004
FT.HH.001;LD.GG.001
FT.HH.001;LD.GG.002
FT.HH.001;LD.GG.003
FT.HH.001;LD.GG.004
FT.HH.001;LD.GG.005
FT.HH.001;LD.GG.006
FT.HH.001;LD.GG.007
FT.HH.001;LD.GG.009
FT.HH.001;LD.GG.010
FT.HH.001;MR.AA.003
FT.HH.001;MR.AA.005
FT.HH.001;MR.AA.006
FT.HH.001;MR.AA.007
FT.HH.001;MR.AA.008
FT.HH.001;MR.AA.009
FT.HH.001;MS.BB.001
FT.HH.001;MS.CC.001
FT.HH.001;MS.CC.002
FT.HH.001;MS.CC.003
FT.HH.001;MS.CC.004
FT.HH.001;MS.CC.005
FT.HH.001;MS.CC.006
FT.HH.001;MS.CC.007
FT.HH.001;MS.CC.008
FT.HH.001;MS.CC.009
FT.HH.001;PD.BB.000
FT.HH.001;PD.CC.000
FT.HH.001;PS.AA.002
FT.HH.001;PS.AA.003
FT.HH.001;PS.AA.004
FT.HH.001;PS.AA.005
FT.HH.001;PS.AA.006
FT.HH.001;PS.AA.007
FT.HH.001;PS.BB.004
FT.HH.001;PS.BB.009
FT.HH.001;PS.CC.006
FT.HH.001;PS.CC.007
FT.HH.001;PS.DD.002
FT.HH.001;PS.DD.006
FT.HH.001;PS.DD.007
FT.HH.001;PS.EE.001
FT.HH.001;PS.EE.002
FT.HH.001;PS.FF.001
FT.HH.001;PS.FF.003
FT.HH.001;PS.GG.001
FT.HH.001;PS.GG.019
FT.HH.001;PS.HH.002
FT.HH.001;PS.HH.003
FT.HH.001;PS.II.002
FT.HH.001;PS.II.004
FT.HH.001;PS.II.005
FT.HH.001;PS.II.006
FT.HH.001;PS.II.007
FT.HH.001;PS.II.009
FT.HH.001;PS.II.012
FT.HH.001;PS.JJ.002
FT.HH.001;PS.JJ.003
FT.HH.001;PS.JJ.004
FT.HH.001;PS.KK.002
FT.HH.001;QD.AA.001
FT.HH.001;QD.BB.001
FT.HH.001;QD.CC.001
FT.HH.001;QD.CC.002
FT.HH.001;QD.CC.003
FT.HH.001;QD.DD.001
FT.HH.001;QD.DD.002
FT.HH.001;QD.DD.003
FT.HH.001;QD.DD.004
FT.HH.001;SI.AA.001
FT.HH.001;SI.AA.002
FT.HH.001;SI.AA.003
FT.HH.001;SI.AA.004
FT.HH.001;SI.AA.005
FT.HH.001;SI.AA.007
FT.HH.001;SI.AA.008
FT.HH.001;SI.AA.010
FT.HH.001;SI.AA.011
FT.HH.001;SI.AA.012
FT.HH.001;SI.BB.002
FT.HH.001;SI.BB.003
FT.HH.001;SI.BB.004
FT.HH.001;SI.BB.005
FT.HH.001;SI.BB.006
FT.HH.001;SI.BB.007
FT.HH.001;SI.CC.002
FT.HH.001;SI.CC.003
FT.HH.001;SI.CC.004
FT.HH.001;SI.CC.005
FT.HH.001;SI.CC.006
FT.HH.001;SI.DD.002
FT.HH.001;SI.DD.003
FT.HH.001;TL.BB.002
FT.HH.001;TL.BB.003
FT.HH.001;TL.BB.004
FT.HH.001;TL.BB.005
FT.HH.001;TL.BB.006
FT.HH.001;TL.BB.007
FT.HH.001;TL.BB.008
FT.HH.001;TL.CC.002
FT.HH.001;TL.CC.003
FT.HH.001;TL.CC.004
FT.HH.001;TL.CC.005
FT.HH.001;TL.CC.006
FT.HH.001;TL.CC.007
FT.HH.001;TL.CC.008
FT.HH.001;TL.CC.009
FT.HH.001;TL.DD.003
FT.HH.001;TL.DD.004
FT.HH.001;TL.DD.005
FT.HH.001;TL.DD.006
FT.HH.001;TL.DD.007
FT.HH.001;TL.EE.002
FT.HH.001;TL.EE.003
FT.HH.001;TL.EE.004
FT.HH.001;TL.EE.005
FT.HH.001;TL.EE.006
FT.HH.001;TL.EE.007
FT.HH.001;TL.EE.009
FT.HH.001;TL.EE.011
FT.HH.001;TL.EE.012
FT.HH.001;TL.EE.013
FT.HH.001;TL.FF.002
FT.HH.001;TL.FF.003
FT.HH.001;TL.FF.004
FT.HH.001;TL.FF.005
FT.HH.001;TL.GG.002
FT.HH.001;TL.GG.003
FT.HH.001;TL.GG.004
FT.HH.001;TL.GG.006
FT.HH.001;TL.GG.007
FT.HH.001;TL.GG.008
FT.HH.001;TL.GG.009
FT.HH.001;TL.GG.010
FT.HH.001;TL.GG.011
FT.HH.001;TL.GG.012
FT.HH.001;TL.HH.002
FT.HH.001;TL.HH.003
FT.HH.001;TL.HH.004
FT.HH.001;TL.HH.005
FT.HH.001;TL.HH.006
FT.HH.001;TL.HH.007
FT.HH.001;TL.HH.008
FT.HH.001;TL.HH.009
FT.HH.001;TL.HH.010
FT.HH.001;TL.HH.011
FT.HH.001;TL.II.009
FT.HH.001;TL.JJ.003
FT.HH.001;TL.JJ.004
FT.HH.001;TL.JJ.005
FT.HH.001;TL.JJ.006
FT.HH.001;TL.JJ.007
FT.HH.001;TL.JJ.008
FT.HH.001;TL.JJ.009
FT.HH.001;TL.JJ.010
FT.HH.001;TL.JJ.011
FT.HH.001;TL.JJ.012
FT.HH.001;TL.KK.001
FT.HH.001;TL.KK.002
FT.HH.001;TL.KK.003
FT.HH.001;TL.KK.004
FT.HH.001;TL.LL.001
FT.HH.001;TS.AA.001
FT.HH.001;TS.AA.002
FT.HH.001;TS.AA.003
FT.HH.001;TS.AA.004
FT.HH.001;TS.AA.005
FT.HH.001;TS.AA.006
FT.HH.001;TS.AA.007
FT.HH.001;TS.AA.008
FT.HH.001;TS.AA.009
FT.HH.001;TS.AA.010
FT.HH.001;TS.AA.011
FT.HH.001;TS.AA.012
FT.HH.001;TS.AA.013
FT.II.001;FT.BB.001
FT.II.001;PD.BB.000
FT.JJ.001;DS.BB.001
FT.JJ.001;DS.FF.001
FT.JJ.001;DS.FF.008
FT.JJ.001;FT.BB.001
FT.JJ.001;FT.CC.001
FT.JJ.001;FT.HH.001
FT.JJ.001;LD.EE.002
FT.JJ.001;PD.BB.000
FT.JJ.002;LD.AA.000
FT.JJ.002;PD.BB.000
FT.JJ.002;TL.BB.000
FT.JJ.003;BM.AA.000
FT.JJ.003;BM.DD.005
FT.JJ.003;FT.DD.001
FT.JJ.003;FT.II.001
FT.JJ.003;HB.AA.000
FT.JJ.003;LD.AA.000
FT.JJ.004;LD.AA.000
HB.AA.000;HB.AA.001
HB.AA.000;HB.AA.002
HB.AA.000;HB.AA.003
HB.AA.000;HB.AA.004
HB.AA.000;HB.AA.005
HB.AA.000;HB.AA.006
HB.AA.000;HB.AA.007
HB.AA.000;HB.AA.008
HB.AA.000;HB.AA.009
HB.AA.000;HB.AA.010
HB.AA.000;HB.AA.011
HB.AA.000;HB.AA.012
HB.AA.000;HB.AA.013
HB.AA.000;HB.AA.014
HB.AA.000;HB.AA.015
HB.AA.000;HB.AA.016
HB.AA.000;HB.AA.017
HB.AA.000;HB.AA.018
HB.AA.000;HB.AA.019
HB.AA.001;DS.AA.002
HB.AA.001;FT.BB.001
HB.AA.001;HB.AA.004
HB.AA.001;HB.AA.010
HB.AA.001;HB.AA.016
HB.AA.001;HB.AA.018
HB.AA.002;HB.AA.000
HB.AA.002;HB.AA.015
HB.AA.002;HB.AA.016
HB.AA.002;HB.AA.017
HB.AA.002;HB.AA.018
HB.AA.003;BD.AA.005
HB.AA.003;ER.AA.000
HB.AA.003;ER.CC.001
HB.AA.003;HB.AA.002
HB.AA.003;HB.AA.007
HB.AA.003;HB.AA.010
HB.AA.003;HB.AA.016
HB.AA.003;HB.AA.018
HB.AA.003;KD.FF.002
HB.AA.003;PS.II.001
HB.AA.004;AB.BB.001
HB.AA.004;HB.AA.005
HB.AA.004;HB.AA.010
HB.AA.004;PS.FF.003
HB.AA.004;SI.AA.001
HB.AA.005;DS.AA.001
HB.AA.005;HB.AA.007
HB.AA.005;KD.FF.013
HB.AA.005;LD.BB.002
HB.AA.005;PS.FF.003
HB.AA.005;SI.AA.010
HB.AA.006;BD.AA.005
HB.AA.006;BM.AA.007
HB.AA.006;ER.AA.000
HB.AA.006;HB.AA.000
HB.AA.006;HB.AA.002
HB.AA.006;HB.AA.007
HB.AA.006;HB.AA.015
HB.AA.006;HB.AA.016
HB.AA.006;HB.AA.018
HB.AA.006;SI.AA.001
HB.AA.006;SI.BB.001
HB.AA.006;SI.BB.002
HB.AA.007;AB.AA.000
HB.AA.007;ER.BB.002
HB.AA.007;HB.AA.002
HB.AA.007;HB.AA.010
HB.AA.007;HB.AA.015
HB.AA.007;HB.AA.016
HB.AA.007;HB.AA.018
HB.AA.007;KD.FF.003
HB.AA.007;PS.EE.002
HB.AA.007;SI.AA.001
HB.AA.007;SI.CC.001
HB.AA.008;CH.AA.001
HB.AA.008;HB.AA.007
HB.AA.008;HB.AA.009
HB.AA.008;HB.AA.017
HB.AA.008;TL.EE.012
HB.AA.009;HB.AA.008
HB.AA.009;HB.AA.018
HB.AA.009;KD.KK.003
HB.AA.009;TS.AA.000
HB.AA.010;BD.AA.005
HB.AA.010;BD.HH.001
HB.AA.010;DS.AA.001
HB.AA.010;DS.KK.005
HB.AA.010;HB.AA.012
HB.AA.010;HB.AA.013
HB.AA.010;HB.AA.017
HB.AA.010;HB.AA.018
HB.AA.011;BD.II.002
HB.AA.011;DS.AA.001
HB.AA.011;HB.AA.000
HB.AA.011;HB.AA.012
HB.AA.011;TL.EE.007
HB.AA.012;HB.AA.000
HB.AA.012;HB.AA.002
HB.AA.012;HB.AA.010
HB.AA.012;HB.AA.013
HB.AA.012;HB.AA.014
HB.AA.012;HB.AA.015
HB.AA.012;HB.AA.017
HB.AA.012;KD.EE.001
HB.AA.012;KD.EE.002
HB.AA.012;MS.CC.006
HB.AA.012;TL.II.001
HB.AA.013;AB.AA.000
HB.AA.013;BD.JJ.002
HB.AA.013;HB.AA.000
HB.AA.013;KD.AA.000
HB.AA.013;MS.CC.006
HB.AA.013;PS.AA.000
HB.AA.013;SI.AA.001
HB.AA.013;TL.CC.005
HB.AA.014;BD.JJ.002
HB.AA.014;BM.AA.000
HB.AA.014;ER.EE.002
HB.AA.014;ER.EE.006
HB.AA.014;HB.AA.002
HB.AA.014;IS.BB.002
HB.AA.014;KD.EE.001
HB.AA.014;KD.EE.002
HB.AA.014;KD.EE.004
HB.AA.014;KD.FF.001
HB.AA.014;PS.AA.000
HB.AA.014;PS.EE.002
HB.AA.014;SI.BB.001
HB.AA.014;SI.BB.002
HB.AA.015;FT.BB.001
HB.AA.015;HB.AA.000
HB.AA.015;HB.AA.002
HB.AA.015;HB.AA.007
HB.AA.015;HB.AA.016
HB.AA.015;HB.AA.018
HB.AA.015;SI.AA.001
HB.AA.016;BM.AA.007
HB.AA.016;FT.BB.001
HB.AA.016;HB.AA.000
HB.AA.016;HB.AA.007
HB.AA.016;HB.AA.015
HB.AA.016;HB.AA.017
HB.AA.016;HB.AA.018
HB.AA.016;KD.FF.003
HB.AA.017;DS.AA.001
HB.AA.017;HB.AA.000
HB.AA.017;HB.AA.013
HB.AA.017;HB.AA.014
HB.AA.017;HB.AA.018
HB.AA.017;TL.HH.008
HB.AA.018;AB.GG.006
HB.AA.018;DD.AA.007
HB.AA.018;ER.BB.002
HB.AA.018;ER.HH.001
HB.AA.018;FT.BB.001
HB.AA.018;HB.AA.000
HB.AA.018;HB.AA.002
HB.AA.018;HB.AA.007
HB.AA.018;HB.AA.008
HB.AA.018;HB.AA.015
HB.AA.018;HB.AA.016
HB.AA.018;HB.AA.019
HB.AA.018;KD.BB.001
HB.AA.018;KD.DD.001
HB.AA.018;KD.DD.002
HB.AA.018;KD.FF.003
HB.AA.018;PS.EE.002
HB.AA.018;SI.AA.001
HB.AA.018;SI.AA.002
HB.AA.019;BD.AA.005
HB.AA.019;BM.AA.008
HB.AA.019;ER.AA.000
HB.AA.019;FT.BB.001
HB.AA.019;HB.AA.000
HB.AA.019;HB.AA.002
HB.AA.019;HB.AA.007
HB.AA.019;HB.AA.012
HB.AA.019;HB.AA.013
HB.AA.019;HB.AA.015
HB.AA.019;HB.AA.016
HB.AA.019;HB.AA.018
HB.AA.019;PS.GG.013
HB.AA.019;TL.DD.006
IS.AA.000;CH.AA.000
IS.AA.000;CH.BB.001
IS.AA.000;CH.BB.002
IS.AA.000;CH.BB.003
IS.AA.000;CH.BB.004
IS.AA.000;CH.BB.005
IS.AA.000;CH.BB.006
IS.AA.000;DS.BB.001
IS.AA.000;DS.BB.010
IS.AA.000;DS.DD.002
IS.AA.000;DS.EE.001
IS.AA.000;DS.EE.002
IS.AA.000;DS.EE.003
IS.AA.000;DS.FF.001
IS.AA.000;IS.BB.001
IS.AA.000;IS.BB.002
IS.AA.000;IS.BB.003
IS.AA.000;IS.BB.004
IS.AA.000;IS.BB.005
IS.AA.000;IS.BB.006
IS.AA.000;IS.BB.007
IS.AA.000;IS.BB.008
IS.AA.000;IS.BB.009
IS.AA.000;IS.BB.010
IS.AA.000;IS.BB.011
IS.AA.000;IS.CC.001
IS.AA.000;IS.CC.002
IS.AA.000;IS.CC.003
IS.AA.000;IS.CC.004
IS.AA.000;IS.CC.005
IS.AA.000;IS.CC.006
IS.AA.000;IS.CC.007
IS.AA.000;IS.CC.008
IS.AA.000;IS.CC.009
IS.BB.001;CH.BB.001
IS.BB.001;IS.BB.002
IS.BB.001;IS.BB.003
IS.BB.001;IS.BB.004
IS.BB.001;IS.BB.005
IS.BB.001;IS.BB.006
IS.BB.001;IS.BB.007
IS.BB.001;IS.BB.008
IS.BB.001;IS.BB.009
IS.BB.001;IS.BB.010
IS.BB.001;IS.BB.011
IS.BB.002;AB.GG.004
IS.BB.002;CH.BB.001
IS.BB.002;DS.BB.001
IS.BB.002;DS.BB.010
IS.BB.002;KD.LL.002
IS.BB.002;TL.II.007
IS.BB.002;TL.II.008
IS.BB.002;TL.II.012
IS.BB.002;TL.JJ.008
IS.BB.003;CH.BB.001
IS.BB.003;IS.BB.002
IS.BB.003;LD.EE.002
IS.BB.003;TS.AA.001
IS.BB.004;HB.AA.008
IS.BB.004;IS.BB.003
IS.BB.004;TL.JJ.007
IS.BB.005;DD.AA.001
IS.BB.005;DS.FF.006
IS.BB.005;HB.AA.008
IS.BB.005;IS.BB.003
IS.BB.005;IS.BB.004
IS.BB.005;KD.EE.003
IS.BB.005;KD.FF.005
IS.BB.005;KD.FF.009
IS.BB.005;PS.EE.002
IS.BB.005;TS.AA.001
IS.BB.007;DD.AA.007
IS.BB.007;ER.BB.001
IS.BB.007;HB.AA.018
IS.BB.007;IS.BB.001
IS.BB.007;IS.BB.006
IS.BB.007;KD.FF.013
IS.BB.007;KD.FF.017
IS.BB.008;IS.BB.001
IS.BB.008;IS.BB.004
IS.BB.008;IS.BB.007
IS.BB.008;KD.FF.024
IS.BB.008;PS.FF.003
IS.BB.009;DS.AA.001
IS.BB.009;IS.BB.001
IS.BB.009;IS.BB.002
IS.BB.009;IS.BB.008
IS.BB.009;KD.GG.006
IS.BB.009;KD.LL.002
IS.BB.009;SI.AA.010
IS.BB.010;AB.BB.007
IS.BB.010;DS.BB.001
IS.BB.010;IS.AA.000
IS.BB.010;IS.BB.001
IS.BB.010;IS.BB.006
IS.BB.010;IS.BB.008
IS.BB.010;IS.BB.009
IS.BB.010;IS.CC.001
IS.BB.010;KD.DD.002
IS.BB.010;KD.HH.004
IS.BB.010;KD.JJ.004
IS.BB.010;PS.II.007
IS.BB.011;AB.BB.007
IS.BB.011;CH.BB.001
IS.BB.011;CH.BB.006
IS.BB.011;DS.BB.001
IS.BB.011;IS.AA.000
IS.BB.011;IS.CC.001
IS.BB.011;TL.II.012
IS.CC.001;DS.DD.002
IS.CC.001;DS.EE.001
IS.CC.001;DS.EE.002
IS.CC.001;DS.EE.003
IS.CC.001;IS.CC.002
IS.CC.001;IS.CC.003
IS.CC.001;IS.CC.004
IS.CC.001;IS.CC.005
IS.CC.001;IS.CC.007
IS.CC.001;IS.CC.008
IS.CC.001;IS.CC.009
IS.CC.002;AB.DD.006
IS.CC.002;DS.BB.001
IS.CC.002;DS.DD.002
IS.CC.002;DS.EE.001
IS.CC.002;IS.CC.001
IS.CC.002;IS.CC.005
IS.CC.002;KD.JJ.004
IS.CC.002;PS.GG.019
IS.CC.003;CH.BB.005
IS.CC.003;DS.DD.002
IS.CC.003;DS.EE.001
IS.CC.003;DS.EE.003
IS.CC.003;IS.BB.004
IS.CC.003;IS.CC.004
IS.CC.003;PS.AA.004
IS.CC.003;PS.EE.002
IS.CC.004;ER.CC.005
IS.CC.004;IS.BB.010
IS.CC.004;IS.BB.011
IS.CC.004;IS.CC.003
IS.CC.004;IS.CC.005
IS.CC.004;TL.II.002
IS.CC.004;TL.II.012
IS.CC.005;AB.BB.005
IS.CC.005;AB.DD.006
IS.CC.005;DS.DD.001
IS.CC.005;DS.DD.002
IS.CC.005;DS.EE.001
IS.CC.005;ER.CC.005
IS.CC.005;IS.CC.003
IS.CC.005;IS.CC.007
IS.CC.005;PS.GG.019
IS.CC.006;AB.BB.003
IS.CC.006;AB.BB.005
IS.CC.006;AB.DD.007
IS.CC.006;IS.CC.007
IS.CC.007;AB.BB.005
IS.CC.007;DS.DD.001
IS.CC.007;DS.DD.002
IS.CC.007;IS.CC.003
IS.CC.007;IS.CC.004
IS.CC.007;IS.CC.005
IS.CC.007;PS.HH.003
IS.CC.007;TL.II.002
IS.CC.007;TL.II.012
IS.CC.008;BM.CC.004
IS.CC.008;DS.BB.001
IS.CC.008;DS.BB.009
IS.CC.008;IS.CC.003
IS.CC.008;IS.CC.004
IS.CC.008;IS.CC.005
IS.CC.008;KD.FF.023
IS.CC.008;KD.FF.024
IS.CC.008;PS.FF.003
IS.CC.009;BM.CC.004
IS.CC.009;CH.AA.004
IS.CC.009;DS.BB.001
IS.CC.009;DS.DD.001
IS.CC.009;DS.EE.003
IS.CC.009;IS.CC.003
IS.CC.009;IS.CC.004
IS.CC.009;IS.CC.005
IS.CC.009;IS.CC.007
IS.CC.009;IS.CC.008
IS.CC.009;KD.JJ.004
IS.CC.009;KD.JJ.006
IS.CC.009;TL.BB.003
IS.CC.009;TL.HH.003
KD.AA.000;BD.JJ.001
KD.AA.000;BD.JJ.002
KD.AA.000;BD.JJ.003
KD.AA.000;FT.BB.001
KD.AA.000;KD..
KD.AA.000;KD.AA.001
KD.AA.000;KD.AA.002
KD.AA.000;KD.BB.001
KD.AA.000;KD.BB.002
KD.AA.000;KD.BB.007
KD.AA.000;KD.DD.001
KD.AA.000;KD.DD.002
KD.AA.000;KD.DD.003
KD.AA.000;KD.DD.004
KD.AA.000;KD.EE.001
KD.AA.000;KD.EE.002
KD.AA.000;KD.EE.003
KD.AA.000;KD.EE.004
KD.AA.000;KD.FF.001
KD.AA.000;KD.FF.003
KD.AA.000;KD.FF.005
KD.AA.000;KD.FF.006
KD.AA.000;KD.FF.007
KD.AA.000;KD.FF.008
KD.AA.000;KD.FF.009
KD.AA.000;KD.FF.010
KD.AA.000;KD.FF.011
KD.AA.000;KD.FF.012
KD.AA.000;KD.FF.016
KD.AA.000;KD.FF.017
KD.AA.000;KD.FF.018
KD.AA.000;KD.FF.019
KD.AA.000;KD.FF.020
KD.AA.000;KD.FF.026
KD.AA.000;KD.FF.027
KD.AA.000;KD.GG.001
KD.AA.000;KD.GG.002
KD.AA.000;KD.GG.003
KD.AA.000;KD.GG.004
KD.AA.000;KD.GG.005
KD.AA.000;KD.GG.006
KD.AA.000;KD.GG.009
KD.AA.000;KD.HH.001
KD.AA.000;KD.HH.002
KD.AA.000;KD.HH.004
KD.AA.000;KD.HH.005
KD.AA.000;KD.HH.006
KD.AA.000;KD.HH.007
KD.AA.000;KD.HH.008
KD.AA.000;KD.HH.009
KD.AA.000;KD.II.001
KD.AA.000;KD.II.002
KD.AA.000;KD.II.003
KD.AA.000;KD.II.004
KD.AA.000;KD.II.005
KD.AA.000;KD.II.006
KD.AA.000;KD.II.007
KD.AA.000;KD.II.008
KD.AA.000;KD.JJ.001
KD.AA.000;KD.KK.001
KD.AA.000;LD.AA.006
KD.AA.000;PS.II.009
KD.AA.000;PS.JJ.003
KD.AA.000;TL.CC.006
KD.AA.000;TL.EE.009
KD.AA.000;TL.EE.013
KD.AA.000;TL.II.009
KD.AA.000;TS.AA.006
KD.AA.001;AB.BB.002
KD.AA.001;AB.BB.004
KD.AA.001;AB.BB.005
KD.AA.001;AB.CC.003
KD.AA.001;BD.HH.003
KD.AA.001;HB.AA.000
KD.AA.001;HB.AA.007
KD.AA.001;KD.AA.002
KD.AA.001;KD.JJ.013
KD.AA.001;PS.EE.002
KD.AA.001;SI.AA.001
KD.AA.001;TL.DD.005
KD.AA.002;KD.AA.001
KD.AA.002;KD.II.003
KD.AA.002;TL.KK.001
KD.BB.001;HB.AA.016
KD.BB.001;HB.AA.018
KD.BB.001;KD.BB.002
KD.BB.001;KD.BB.003
KD.BB.001;KD.BB.004
KD.BB.001;KD.BB.005
KD.BB.001;KD.BB.006
KD.BB.001;KD.BB.007
KD.BB.001;KD.CC.001
KD.BB.001;PS.AA.000
KD.BB.002;ER.CC.001
KD.BB.002;HB.AA.007
KD.BB.002;KD.BB.006
KD.BB.002;KD.BB.007
KD.BB.002;PS.BB.009
KD.BB.002;PS.II.002
KD.BB.003;HB.AA.008
KD.BB.003;KD.BB.002
KD.BB.003;KD.BB.006
KD.BB.003;KD.BB.007
KD.BB.003;PS.II.001
KD.BB.003;PS.II.002
KD.BB.003;PS.II.003
KD.BB.003;SI.CC.003
KD.BB.003;TS.AA.001
KD.BB.003;TS.AA.002
KD.BB.004;DP.AA.003
KD.BB.004;DS.BB.001
KD.BB.004;DS.FF.005
KD.BB.004;KD.BB.003
KD.BB.004;KD.DD.002
KD.BB.004;PS.HH.004
KD.BB.004;PS.II.003
KD.BB.004;PS.II.007
KD.BB.005;AB.GG.006
KD.BB.005;KD.LL.002
KD.BB.005;LD.FF.004
KD.BB.006;AB.BB.003
KD.BB.006;BM.CC.003
KD.BB.006;DS.DD.001
KD.BB.006;IS.BB.004
KD.BB.006;KD.BB.007
KD.BB.006;KD.DD.002
KD.BB.006;KD.DD.005
KD.BB.006;KD.KK.002
KD.BB.006;LD.AA.006
KD.BB.006;LD.AA.008
KD.BB.006;LD.GG.002
KD.BB.006;PS.II.009
KD.BB.006;SI.BB.002
KD.BB.006;TL.EE.006
KD.BB.006;TL.II.008
KD.BB.006;TL.II.012
KD.BB.006;TS.AA.005
KD.BB.007;AB.BB.003
KD.BB.007;AB.BB.008
KD.BB.007;AB.BB.009
KD.BB.007;AB.DD.004
KD.BB.007;AB.DD.006
KD.BB.007;BD.CC.003
KD.BB.007;BM.AA.007
KD.BB.007;DS.FF.005
KD.BB.007;ER.FF.001
KD.BB.007;HB.AA.002
KD.BB.007;KD.BB.001
KD.BB.007;KD.DD.001
KD.BB.007;KD.GG.006
KD.BB.007;LD.AA.000
KD.BB.007;LD.AA.008
KD.BB.007;LD.AA.009
KD.BB.007;LD.DD.003
KD.BB.007;LD.FF.003
KD.BB.007;LD.GG.003
KD.BB.007;LD.GG.004
KD.BB.007;LD.GG.009
KD.BB.007;TS.AA.002
KD.CC.001;KD.BB.005
KD.CC.001;KD.CC.002
KD.CC.001;KD.CC.003
KD.CC.001;KD.CC.004
KD.CC.001;KD.CC.005
KD.CC.001;KD.CC.006
KD.CC.001;KD.CC.007
KD.CC.001;KD.CC.008
KD.CC.001;KD.CC.009
KD.CC.002;KD.II.003
KD.CC.002;KD.II.004
KD.CC.002;PS.BB.001
KD.CC.002;PS.II.001
KD.CC.003;KD.CC.002
KD.CC.003;PS.HH.002
KD.CC.003;TL.JJ.006
KD.CC.004;DS.KK.004
KD.CC.004;KD.BB.002
KD.CC.004;KD.CC.002
KD.CC.004;KD.EE.004
KD.CC.004;PS.II.002
KD.CC.004;TL.GG.004
KD.CC.005;KD.CC.004
KD.CC.005;KD.DD.002
KD.CC.005;LD.GG.004
KD.CC.005;TL.EE.010
KD.CC.005;TL.HH.004
KD.CC.006;DS.KK.002
KD.CC.006;HB.AA.007
KD.CC.006;HB.AA.016
KD.CC.006;KD.BB.001
KD.CC.006;KD.BB.002
KD.CC.006;KD.BB.004
KD.CC.006;KD.BB.006
KD.CC.006;KD.JJ.006
KD.CC.006;PS.II.003
KD.CC.007;KD.BB.002
KD.CC.007;KD.BB.006
KD.CC.007;KD.CC.001
KD.CC.007;KD.CC.006
KD.CC.008;AB.BB.004
KD.CC.008;KD.CC.007
KD.CC.008;KD.CC.009
KD.CC.008;KD.II.001
KD.CC.009;KD.CC.008
KD.CC.009;KD.FF.013
KD.CC.009;KD.KK.002
KD.CC.009;KD.KK.003
KD.CC.009;SI.AA.001
KD.CC.009;SI.CC.003
KD.DD.001;KD.DD.002
KD.DD.001;KD.DD.003
KD.DD.001;KD.DD.004
KD.DD.001;KD.DD.005
KD.DD.002;AB.GG.005
KD.DD.002;AB.GG.006
KD.DD.002;HB.AA.000
KD.DD.002;HB.AA.007
KD.DD.002;HB.AA.008
KD.DD.002;HB.AA.009
KD.DD.002;HB.AA.018
KD.DD.002;KD.EE.002
KD.DD.002;KD.FF.001
KD.DD.002;KD.JJ.004
KD.DD.002;LD.EE.002
KD.DD.002;PS.BB.009
KD.DD.002;PS.DD.001
KD.DD.002;PS.GG.004
KD.DD.002;TL.EE.002
KD.DD.002;TS.AA.003
KD.DD.002;TS.AA.011
KD.DD.003;BC.AA.006
KD.DD.003;BD.AA.008
KD.DD.003;BD.HH.001
KD.DD.003;BM.AA.005
KD.DD.003;KD.BB.006
KD.DD.003;KD.BB.007
KD.DD.003;KD.DD.002
KD.DD.003;KD.EE.002
KD.DD.003;PS.JJ.003
KD.DD.003;TL.BB.000
KD.DD.003;TL.CC.002
KD.DD.003;TL.EE.004
KD.DD.003;TL.EE.006
KD.DD.003;TL.EE.011
KD.DD.003;TL.GG.002
KD.DD.003;TL.GG.007
KD.DD.003;TL.HH.004
KD.DD.003;TL.KK.001
KD.DD.004;BM.AA.007
KD.DD.004;KD.BB.006
KD.DD.004;KD.DD.002
KD.DD.004;LD.AA.000
KD.DD.005;AB.BB.001
KD.DD.005;KD.BB.006
KD.DD.005;KD.DD.002
KD.DD.005;KD.EE.002
KD.DD.005;PS.BB.009
KD.DD.005;TL.EE.002
KD.DD.005;TL.EE.003
KD.DD.005;TS.AA.005
KD.EE.001;BD.JJ.001
KD.EE.001;BD.JJ.002
KD.EE.001;BD.JJ.003
KD.EE.001;KD..
KD.EE.001;KD.EE.002
KD.EE.001;KD.EE.003
KD.EE.001;KD.EE.004
KD.EE.001;TL.CC.006
KD.EE.002;AB.BB.003
KD.EE.002;AB.GG.006
KD.EE.002;BD.HH.001
KD.EE.002;BD.JJ.002
KD.EE.002;CH.AA.000
KD.EE.002;FT.FF.001
KD.EE.002;HB.AA.008
KD.EE.002;HB.AA.014
KD.EE.002;KD..
KD.EE.002;KD.DD.002
KD.EE.002;KD.JJ.009
KD.EE.002;LD.AA.000
KD.EE.002;LD.AA.008
KD.EE.002;LD.EE.002
KD.EE.002;PS.EE.002
KD.EE.002;PS.II.001
KD.EE.002;SI.AA.005
KD.EE.002;TL.CC.005
KD.EE.002;TL.CC.006
KD.EE.002;TL.CC.007
KD.EE.002;TL.EE.003
KD.EE.002;TL.EE.006
KD.EE.002;TL.EE.007
KD.EE.002;TL.HH.004
KD.EE.002;TL.HH.011
KD.EE.002;TS.AA.001
KD.EE.002;TS.AA.002
KD.EE.003;KD.DD.002
KD.EE.003;KD.FF.003
KD.EE.003;KD.FF.005
KD.EE.003;KD.FF.013
KD.EE.003;KD.FF.015
KD.EE.003;MS.CC.006
KD.EE.003;SI.AA.001
KD.EE.003;SI.CC.001
KD.EE.003;SI.CC.003
KD.EE.003;TL.CC.005
KD.EE.003;TL.GG.004
KD.EE.004;AB.DD.001
KD.EE.004;AB.DD.003
KD.EE.004;BD.HH.002
KD.EE.004;HB.AA.008
KD.EE.004;HB.AA.009
KD.EE.004;HB.AA.014
KD.EE.004;KD.EE.001
KD.EE.004;KD.GG.006
KD.EE.004;LD.AA.000
KD.EE.004;LD.AA.006
KD.EE.004;MS.BB.001
KD.EE.004;PS.CC.007
KD.EE.004;PS.DD.001
KD.EE.004;SI.AA.005
KD.FF.001;HB.AA.018
KD.FF.001;KD.FF.002
KD.FF.001;KD.FF.003
KD.FF.001;KD.FF.004
KD.FF.001;KD.FF.005
KD.FF.001;KD.FF.006
KD.FF.001;KD.FF.007
KD.FF.001;KD.FF.008
KD.FF.001;KD.FF.009
KD.FF.001;KD.FF.010
KD.FF.001;KD.FF.011
KD.FF.001;KD.FF.012
KD.FF.001;KD.FF.013
KD.FF.001;KD.FF.014
KD.FF.001;KD.FF.015
KD.FF.001;KD.FF.016
KD.FF.001;KD.FF.017
KD.FF.001;KD.FF.018
KD.FF.001;KD.FF.019
KD.FF.001;KD.FF.020
KD.FF.001;KD.FF.021
KD.FF.001;KD.FF.022
KD.FF.001;KD.FF.023
KD.FF.001;KD.FF.024
KD.FF.001;KD.FF.025
KD.FF.001;KD.FF.026
KD.FF.001;KD.FF.027
KD.FF.001;KD.FF.028
KD.FF.001;KD.FF.029
KD.FF.002;ER.AA.000
KD.FF.002;HB.AA.003
KD.FF.002;HB.AA.010
KD.FF.002;HB.AA.018
KD.FF.002;KD.FF.005
KD.FF.002;PS.EE.001
KD.FF.002;SI.CC.003
KD.FF.003;BD.HH.001
KD.FF.003;BM.AA.008
KD.FF.003;DS.BB.001
KD.FF.003;DS.FF.009
KD.FF.003;FT.FF.001
KD.FF.003;HB.AA.000
KD.FF.003;HB.AA.007
KD.FF.003;HB.AA.015
KD.FF.003;HB.AA.016
KD.FF.003;HB.AA.017
KD.FF.003;HB.AA.018
KD.FF.003;KD.DD.002
KD.FF.003;KD.EE.003
KD.FF.003;KD.FF.005
KD.FF.003;KD.FF.006
KD.FF.003;KD.FF.007
KD.FF.003;KD.FF.008
KD.FF.003;KD.FF.009
KD.FF.003;KD.FF.013
KD.FF.003;KD.JJ.009
KD.FF.003;LD.AA.000
KD.FF.003;LD.EE.001
KD.FF.003;LD.GG.003
KD.FF.003;MS.BB.001
KD.FF.003;PS.AA.000
KD.FF.003;PS.EE.002
KD.FF.003;PS.FF.003
KD.FF.003;SI.AA.001
KD.FF.003;SI.AA.012
KD.FF.003;TL.HH.008
KD.FF.003;TL.JJ.008
KD.FF.004;BD.GG.001
KD.FF.004;KD.II.001
KD.FF.004;KD.KK.001
KD.FF.005;KD.FF.006
KD.FF.005;KD.FF.007
KD.FF.005;KD.FF.008
KD.FF.005;KD.FF.009
KD.FF.005;KD.FF.010
KD.FF.005;KD.FF.011
KD.FF.005;KD.FF.020
KD.FF.005;KD.FF.021
KD.FF.006;BD.HH.001
KD.FF.006;BD.JJ.001
KD.FF.006;KD.EE.002
KD.FF.006;KD.FF.003
KD.FF.006;KD.FF.007
KD.FF.006;KD.FF.008
KD.FF.006;KD.FF.021
KD.FF.006;PS.AA.000
KD.FF.006;PS.EE.002
KD.FF.006;SI.CC.001
KD.FF.006;TL.CC.005
KD.FF.006;TL.CC.009
KD.FF.006;TL.GG.004
KD.FF.006;TL.HH.011
KD.FF.007;DP.BB.002
KD.FF.007;KD..
KD.FF.007;KD.DD.002
KD.FF.007;KD.FF.008
KD.FF.007;PS.GG.019
KD.FF.008;BD.AA.007
KD.FF.008;KD.FF.006
KD.FF.008;KD.FF.007
KD.FF.008;KD.FF.020
KD.FF.008;PS.EE.002
KD.FF.008;PS.II.002
KD.FF.008;PS.II.003
KD.FF.008;TL.HH.003
KD.FF.008;TL.HH.006
KD.FF.009;HB.AA.008
KD.FF.009;HB.AA.009
KD.FF.009;KD.BB.006
KD.FF.009;KD.FF.001
KD.FF.009;SI.CC.003
KD.FF.009;TL.II.009
KD.FF.010;KD.FF.011
KD.FF.010;KD.FF.012
KD.FF.010;KD.JJ.004
KD.FF.010;KD.JJ.006
KD.FF.010;LD.AA.000
KD.FF.010;LD.AA.003
KD.FF.010;PS.EE.002
KD.FF.010;TL.EE.006
KD.FF.011;BM.AA.002
KD.FF.011;BM.AA.013
KD.FF.011;KD.FF.005
KD.FF.011;KD.FF.009
KD.FF.011;KD.FF.010
KD.FF.011;KD.FF.020
KD.FF.011;KD.JJ.004
KD.FF.011;KD.JJ.006
KD.FF.011;LD.EE.001
KD.FF.012;BD.AA.007
KD.FF.012;DS.BB.001
KD.FF.012;KD.FF.009
KD.FF.012;KD.GG.006
KD.FF.012;LD.EE.002
KD.FF.012;TL.GG.004
KD.FF.012;TL.GG.007
KD.FF.013;IS.BB.001
KD.FF.013;KD.CC.008
KD.FF.013;KD.CC.009
KD.FF.013;KD.FF.014
KD.FF.013;KD.FF.015
KD.FF.013;KD.FF.016
KD.FF.013;KD.FF.017
KD.FF.013;KD.FF.018
KD.FF.013;KD.FF.028
KD.FF.013;KD.FF.029
KD.FF.014;DD.AA.007
KD.FF.014;KD.BB.006
KD.FF.014;KD.CC.008
KD.FF.014;KD.FF.001
KD.FF.014;KD.FF.006
KD.FF.014;KD.FF.015
KD.FF.014;PS.FF.003
KD.FF.014;SI.CC.003
KD.FF.015;AB.BB.005
KD.FF.015;BM.BB.001
KD.FF.015;HB.AA.000
KD.FF.015;KD.FF.006
KD.FF.015;KD.FF.014
KD.FF.015;KD.FF.016
KD.FF.015;LD.CC.005
KD.FF.015;MS.BB.001
KD.FF.015;PS.AA.000
KD.FF.015;PS.AA.002
KD.FF.015;PS.FF.003
KD.FF.015;SI.AA.005
KD.FF.015;SI.DD.001
KD.FF.016;BD.AA.005
KD.FF.016;HB.AA.016
KD.FF.016;HB.AA.018
KD.FF.016;KD.FF.017
KD.FF.016;KD.JJ.006
KD.FF.016;LD.AA.000
KD.FF.016;SI.AA.002
KD.FF.016;SI.DD.001
KD.FF.016;TL.EE.003
KD.FF.017;DD.AA.007
KD.FF.017;KD.FF.003
KD.FF.017;KD.FF.016
KD.FF.017;KD.JJ.004
KD.FF.017;SI.AA.001
KD.FF.017;SI.AA.002
KD.FF.018;BD.HH.004
KD.FF.018;KD.HH.009
KD.FF.018;PS.BB.001
KD.FF.018;TS.AA.013
KD.FF.019;BD.AA.006
KD.FF.019;BD.JJ.001
KD.FF.019;BM.AA.007
KD.FF.019;DS.KK.002
KD.FF.019;DS.KK.004
KD.FF.019;KD.DD.002
KD.FF.019;KD.FF.007
KD.FF.019;TL.CC.005
KD.FF.019;TL.CC.006
KD.FF.019;TL.EE.011
KD.FF.020;HB.AA.006
KD.FF.020;HB.AA.007
KD.FF.020;HB.AA.008
KD.FF.020;KD.EE.003
KD.FF.020;KD.FF.003
KD.FF.020;KD.FF.012
KD.FF.020;KD.KK.007
KD.FF.020;SI.AA.001
KD.FF.021;AB.BB.007
KD.FF.021;AB.GG.006
KD.FF.021;BD.HH.003
KD.FF.021;BM.AA.000
KD.FF.021;DS.BB.001
KD.FF.021;KD.BB.006
KD.FF.021;KD.BB.007
KD.FF.021;KD.DD.001
KD.FF.021;KD.DD.002
KD.FF.021;KD.FF.011
KD.FF.021;KD.JJ.001
KD.FF.021;KD.JJ.004
KD.FF.021;KD.JJ.007
KD.FF.021;KD.JJ.009
KD.FF.021;KD.LL.002
KD.FF.021;LD.GG.009
KD.FF.021;PD.BB.000
KD.FF.021;PS.EE.002
KD.FF.021;SI.AA.005
KD.FF.021;SI.CC.001
KD.FF.021;TL.BB.000
KD.FF.021;TL.EE.006
KD.FF.021;TL.GG.001
KD.FF.021;TL.LL.001
KD.FF.022;KD.FF.023
KD.FF.022;KD.FF.024
KD.FF.022;KD.FF.025
KD.FF.024;BD.HH.001
KD.FF.024;DS.KK.002
KD.FF.024;KD.FF.014
KD.FF.024;KD.FF.015
KD.FF.024;KD.FF.021
KD.FF.024;KD.FF.023
KD.FF.024;KD.GG.006
KD.FF.024;LD.GG.009
KD.FF.024;MS.BB.001
KD.FF.024;PS.BB.009
KD.FF.024;SI.AA.005
KD.FF.024;TL.DD.006
KD.FF.025;DS.BB.006
KD.FF.025;KD.FF.023
KD.FF.025;KD.FF.024
KD.FF.025;PS.JJ.004
KD.FF.025;SI.AA.010
KD.FF.025;SI.CC.002
KD.FF.025;TL.HH.003
KD.FF.025;TL.JJ.008
KD.FF.025;TL.JJ.009
KD.FF.026;KD.FF.019
KD.FF.026;MS.BB.001
KD.FF.026;SI.AA.005
KD.FF.026;TL.DD.002
KD.FF.026;TL.GG.004
KD.FF.026;TL.JJ.004
KD.FF.026;TL.KK.002
KD.FF.026;TS.AA.010
KD.FF.027;BM.AA.000
KD.FF.027;BM.AA.013
KD.FF.027;KD.DD.002
KD.FF.027;KD.FF.001
KD.FF.027;KD.FF.026
KD.FF.027;KD.HH.008
KD.FF.027;MS.BB.001
KD.FF.027;SI.BB.001
KD.FF.027;TL.BB.000
KD.FF.027;TL.DD.002
KD.FF.027;TL.EE.011
KD.FF.027;TL.GG.009
KD.FF.027;TL.GG.012
KD.FF.027;TS.AA.010
KD.FF.028;KD.JJ.004
KD.FF.028;LD.GG.002
KD.FF.028;TL.CC.005
KD.FF.029;AB.DD.007
KD.FF.029;KD.FF.018
KD.FF.029;KD.FF.028
KD.GG.001;KD.GG.002
KD.GG.001;KD.GG.003
KD.GG.001;KD.GG.004
KD.GG.001;KD.GG.005
KD.GG.001;KD.GG.006
KD.GG.001;KD.GG.007
KD.GG.001;KD.GG.008
KD.GG.001;KD.GG.009
KD.GG.001;PS.II.009
KD.GG.002;AB.BB.003
KD.GG.002;BM.AA.005
KD.GG.002;KD.GG.003
KD.GG.002;KD.GG.005
KD.GG.002;PS.AA.004
KD.GG.002;PS.EE.002
KD.GG.002;TL.BB.008
KD.GG.002;TL.DD.005
KD.GG.003;BM.AA.006
KD.GG.003;KD.GG.002
KD.GG.003;KD.HH.001
KD.GG.003;MS.BB.001
KD.GG.003;SI.BB.001
KD.GG.003;TS.AA.013
KD.GG.004;DS.AA.002
KD.GG.004;KD.GG.002
KD.GG.004;KD.GG.003
KD.GG.004;KD.GG.005
KD.GG.004;KD.HH.003
KD.GG.004;PS.HH.002
KD.GG.004;PS.HH.004
KD.GG.004;PS.II.007
KD.GG.004;SI.AA.001
KD.GG.004;TL.HH.003
KD.GG.005;AB.CC.005
KD.GG.005;AB.FF.003
KD.GG.005;DS.JJ.003
KD.GG.005;PS.FF.003
KD.GG.005;PS.JJ.003
KD.GG.005;TL.CC.002
KD.GG.005;TL.DD.005
KD.GG.006;AB.DD.001
KD.GG.006;AB.DD.005
KD.GG.006;AB.DD.007
KD.GG.006;BD.HH.006
KD.GG.006;BM.BB.004
KD.GG.006;DD.AA.001
KD.GG.006;DS.BB.006
KD.GG.006;DS.BB.007
KD.GG.006;DS.HH.002
KD.GG.006;DS.KK.007
KD.GG.006;HB.AA.008
KD.GG.006;HB.AA.009
KD.GG.006;KD.GG.001
KD.GG.006;LD.GG.001
KD.GG.006;PS.AA.000
KD.GG.006;PS.HH.002
KD.GG.006;PS.HH.004
KD.GG.006;PS.II.009
KD.GG.006;TL.BB.003
KD.GG.006;TL.GG.004
KD.GG.007;AB.DD.008
KD.GG.007;BD.HH.004
KD.GG.007;BM.BB.001
KD.GG.007;DS.AA.002
KD.GG.007;KD.GG.001
KD.GG.007;KD.GG.006
KD.GG.007;KD.HH.005
KD.GG.007;SI.AA.010
KD.GG.007;TL.BB.003
KD.GG.008;AB.EE.002
KD.GG.008;DD.AA.001
KD.GG.008;DS.BB.001
KD.GG.008;KD.GG.001
KD.GG.008;KD.GG.006
KD.GG.008;KD.GG.007
KD.GG.008;LD.GG.003
KD.GG.008;PS.FF.003
KD.GG.008;PS.GG.016
KD.GG.008;PS.HH.004
KD.GG.008;TL.HH.003
KD.GG.008;TL.HH.006
KD.GG.009;BD.AA.005
KD.GG.009;KD.HH.004
KD.GG.009;KD.HH.005
KD.GG.009;LD.EE.002
KD.GG.009;LD.GG.001
KD.GG.009;LD.GG.009
KD.GG.009;TL.EE.002
KD.GG.009;TL.EE.007
KD.GG.009;TL.GG.003
KD.HH.001;KD.BB.007
KD.HH.001;KD.DD.002
KD.HH.001;KD.HH.002
KD.HH.001;KD.HH.003
KD.HH.001;KD.HH.004
KD.HH.001;KD.HH.005
KD.HH.001;KD.HH.006
KD.HH.001;KD.HH.007
KD.HH.001;KD.HH.008
KD.HH.001;KD.HH.009
KD.HH.001;LD.AA.006
KD.HH.001;PS.JJ.003
KD.HH.001;TL.EE.009
KD.HH.001;TL.EE.013
KD.HH.001;TL.II.009
KD.HH.002;KD.HH.003
KD.HH.002;KD.HH.004
KD.HH.002;KD.HH.005
KD.HH.002;TL.GG.003
KD.HH.002;TL.HH.003
KD.HH.003;CH.AA.001
KD.HH.003;KD.DD.002
KD.HH.003;KD.EE.002
KD.HH.003;PS.AA.002
KD.HH.003;PS.BB.004
KD.HH.003;PS.EE.002
KD.HH.003;PS.II.001
KD.HH.003;SI.BB.005
KD.HH.003;TL.BB.003
KD.HH.003;TL.BB.004
KD.HH.003;TL.DD.007
KD.HH.003;TL.GG.002
KD.HH.003;TL.II.009
KD.HH.004;BA.AA.002
KD.HH.004;KD.HH.005
KD.HH.004;TS.AA.009
KD.HH.005;KD.HH.004
KD.HH.005;KD.JJ.006
KD.HH.005;SI.AA.005
KD.HH.005;TL.CC.002
KD.HH.006;BD.AA.006
KD.HH.006;BD.AA.007
KD.HH.006;BD.HH.001
KD.HH.006;BD.JJ.003
KD.HH.006;DS.KK.004
KD.HH.006;DS.KK.005
KD.HH.006;KD.EE.002
KD.HH.006;KD.FF.001
KD.HH.006;KD.FF.003
KD.HH.006;MS.BB.001
KD.HH.006;TL.CC.002
KD.HH.006;TL.CC.005
KD.HH.006;TL.CC.006
KD.HH.006;TL.DD.002
KD.HH.006;TL.II.009
KD.HH.006;TL.JJ.004
KD.HH.007;AB.DD.006
KD.HH.007;AB.GG.005
KD.HH.007;BA.AA.005
KD.HH.007;KD.FF.027
KD.HH.007;KD.HH.008
KD.HH.007;PS.HH.002
KD.HH.007;TL.II.002
KD.HH.007;TL.II.012
KD.HH.007;TL.KK.001
KD.HH.007;TS.AA.010
KD.HH.008;AB.BB.009
KD.HH.008;BC.AA.000
KD.HH.008;BM.DD.004
KD.HH.008;BM.DD.006
KD.HH.008;DS.EE.002
KD.HH.008;TL.EE.005
KD.HH.008;TS.AA.010
KD.HH.009;KD.BB.007
KD.HH.009;LD.EE.002
KD.HH.009;TL.CC.002
KD.HH.009;TL.CC.005
KD.HH.009;TL.CC.006
KD.II.001;AB.GG.004
KD.II.001;BD.JJ.002
KD.II.001;ER.CC.001
KD.II.001;IS.CC.003
KD.II.001;KD.AA.001
KD.II.001;KD.AA.002
KD.II.001;KD.BB.006
KD.II.001;KD.DD.003
KD.II.001;KD.II.002
KD.II.001;KD.II.008
KD.II.001;KD.II.010
KD.II.001;KD.II.011
KD.II.001;KD.II.012
KD.II.001;KD.JJ.002
KD.II.001;KD.JJ.004
KD.II.001;KD.JJ.006
KD.II.001;KD.JJ.007
KD.II.001;KD.JJ.008
KD.II.001;KD.JJ.009
KD.II.001;KD.KK.002
KD.II.001;KD.KK.003
KD.II.001;KD.KK.004
KD.II.001;KD.KK.005
KD.II.001;KD.KK.006
KD.II.001;KD.KK.007
KD.II.001;PS.CC.001
KD.II.001;PS.DD.005
KD.II.001;TL.II.009
KD.II.001;TS.AA.006
KD.II.002;AB.DD.006
KD.II.002;CH.AA.000
KD.II.002;DS.EE.001
KD.II.002;ER.CC.001
KD.II.002;KD.II.001
KD.II.002;KD.II.003
KD.II.002;PS.DD.005
KD.II.002;PS.EE.010
KD.II.002;PS.II.004
KD.II.003;AB.BB.004
KD.II.003;AB.BB.009
KD.II.003;IS.CC.007
KD.II.003;KD.BB.007
KD.II.003;KD.II.004
KD.II.003;PS.DD.005
KD.II.003;TL.DD.005
KD.II.003;TS.AA.006
KD.II.004;HB.AA.008
KD.II.004;KD.HH.002
KD.II.004;KD.HH.003
KD.II.004;KD.II.002
KD.II.004;KD.II.003
KD.II.004;PS.AA.000
KD.II.004;PS.II.009
KD.II.004;PS.II.010
KD.II.005;AB.BB.003
KD.II.005;AB.EE.002
KD.II.005;DS.EE.001
KD.II.005;DS.FF.004
KD.II.005;DS.FF.005
KD.II.005;IS.CC.003
KD.II.005;IS.CC.004
KD.II.005;IS.CC.007
KD.II.005;KD.BB.006
KD.II.005;KD.DD.001
KD.II.005;KD.FF.010
KD.II.005;KD.II.002
KD.II.005;KD.II.003
KD.II.005;KD.II.004
KD.II.005;KD.JJ.004
KD.II.005;PS.AA.000
KD.II.006;AB.BB.003
KD.II.006;AB.DD.007
KD.II.006;AB.GG.004
KD.II.006;DS.BB.006
KD.II.006;DS.BB.007
KD.II.006;DS.BB.009
KD.II.006;KD.II.001
KD.II.006;KD.II.005
KD.II.007;BD.AA.007
KD.II.007;DS.FF.004
KD.II.007;KD.II.001
KD.II.007;KD.II.003
KD.II.007;KD.II.006
KD.II.007;MR.AA.008
KD.II.007;PS.DD.006
KD.II.007;PS.II.009
KD.II.007;TL.DD.005
KD.II.008;AB.BB.003
KD.II.008;AB.BB.004
KD.II.008;IS.CC.006
KD.II.008;KD.BB.006
KD.II.008;KD.BB.007
KD.II.008;KD.JJ.007
KD.II.008;PD.BB.000
KD.II.008;PS.AA.000
KD.II.008;PS.EE.002
KD.II.010;ER.CC.001
KD.II.010;SI.CC.003
KD.II.011;AB.BB.003
KD.II.011;IS.BB.002
KD.II.011;KD.II.010
KD.II.011;KD.JJ.004
KD.II.011;TL.II.012
KD.II.012;BM.BB.004
KD.II.012;KD.II.011
KD.II.012;LD.GG.001
KD.II.012;LD.GG.003
KD.JJ.001;IS.CC.006
KD.JJ.001;KD.BB.006
KD.JJ.001;KD.JJ.002
KD.JJ.001;KD.JJ.003
KD.JJ.001;KD.JJ.004
KD.JJ.001;KD.JJ.005
KD.JJ.001;KD.JJ.006
KD.JJ.001;KD.JJ.007
KD.JJ.001;KD.JJ.008
KD.JJ.001;KD.JJ.009
KD.JJ.001;KD.JJ.010
KD.JJ.001;KD.JJ.011
KD.JJ.001;KD.JJ.012
KD.JJ.001;KD.JJ.013
KD.JJ.001;KD.LL.003
KD.JJ.002;KD.DD.002
KD.JJ.002;KD.HH.003
KD.JJ.002;LD.AA.000
KD.JJ.002;LD.AA.007
KD.JJ.002;LD.AA.008
KD.JJ.002;PS.AA.004
KD.JJ.002;PS.HH.004
KD.JJ.002;PS.JJ.003
KD.JJ.002;PS.KK.002
KD.JJ.002;SI.BB.002
KD.JJ.002;TL.II.009
KD.JJ.003;DD.AA.001
KD.JJ.003;HB.AA.002
KD.JJ.003;KD.BB.006
KD.JJ.003;KD.JJ.002
KD.JJ.003;LD.GG.009
KD.JJ.003;PS.AA.003
KD.JJ.003;PS.JJ.001
KD.JJ.003;TL.EE.006
KD.JJ.003;TL.II.009
KD.JJ.004;AB.BB.004
KD.JJ.004;AB.DD.002
KD.JJ.004;BA.AA.005
KD.JJ.004;BM.CC.004
KD.JJ.004;BM.CC.006
KD.JJ.004;DS.DD.001
KD.JJ.004;DS.DD.005
KD.JJ.004;DS.DD.006
KD.JJ.004;DS.DD.007
KD.JJ.004;DS.DD.009
KD.JJ.004;IS.BB.002
KD.JJ.004;IS.BB.009
KD.JJ.004;IS.BB.010
KD.JJ.004;LD.GG.002
KD.JJ.004;TL.II.007
KD.JJ.004;TL.II.008
KD.JJ.004;TL.II.011
KD.JJ.004;TL.II.013
KD.JJ.005;BD.HH.001
KD.JJ.005;DP.AA.003
KD.JJ.005;DP.BB.002
KD.JJ.005;DP.BB.003
KD.JJ.005;DP.BB.004
KD.JJ.005;KD.EE.004
KD.JJ.005;PS.FF.003
KD.JJ.005;TL.DD.002
KD.JJ.005;TL.GG.011
KD.JJ.006;KD.BB.006
KD.JJ.006;KD.EE.001
KD.JJ.006;KD.JJ.004
KD.JJ.006;LD.AA.000
KD.JJ.006;LD.DD.003
KD.JJ.007;AB.BB.003
KD.JJ.007;AB.BB.008
KD.JJ.007;AB.GG.004
KD.JJ.007;DP.AA.005
KD.JJ.007;DS.DD.001
KD.JJ.007;DS.DD.004
KD.JJ.007;DS.DD.005
KD.JJ.007;DS.DD.006
KD.JJ.007;DS.DD.007
KD.JJ.007;DS.DD.008
KD.JJ.007;DS.DD.009
KD.JJ.007;KD.BB.006
KD.JJ.007;KD.JJ.004
KD.JJ.007;KD.JJ.008
KD.JJ.007;LD.AA.009
KD.JJ.007;NP.BB.003
KD.JJ.007;PS.BB.009
KD.JJ.007;TL.II.002
KD.JJ.008;AB.CC.006
KD.JJ.008;AB.CC.007
KD.JJ.008;BD.HH.003
KD.JJ.008;DS.BB.006
KD.JJ.008;KD.GG.004
KD.JJ.008;KD.JJ.007
KD.JJ.008;KD.JJ.013
KD.JJ.008;LD.AA.000
KD.JJ.008;LD.CC.003
KD.JJ.008;PS.AA.003
KD.JJ.008;PS.HH.003
KD.JJ.008;PS.JJ.003
KD.JJ.008;TL.BB.003
KD.JJ.009;AB.EE.002
KD.JJ.009;AB.GG.006
KD.JJ.009;KD.JJ.001
KD.JJ.009;KD.JJ.007
KD.JJ.009;KD.JJ.013
KD.JJ.009;KD.LL.002
KD.JJ.009;KD.LL.003
KD.JJ.009;PS.DD.005
KD.JJ.009;PS.GG.010
KD.JJ.009;PS.GG.013
KD.JJ.009;TS.AA.013
KD.JJ.010;AB.BB.003
KD.JJ.010;AB.BB.004
KD.JJ.010;ER.BB.002
KD.JJ.010;KD.II.005
KD.JJ.010;KD.II.006
KD.JJ.010;KD.JJ.004
KD.JJ.010;KD.JJ.011
KD.JJ.010;PS.DD.005
KD.JJ.010;SI.AA.001
KD.JJ.010;TL.II.002
KD.JJ.010;TS.AA.005
KD.JJ.011;BM.BB.001
KD.JJ.011;CH.AA.000
KD.JJ.011;DS.FF.009
KD.JJ.011;ER.CC.001
KD.JJ.011;KD.JJ.008
KD.JJ.011;KD.JJ.010
KD.JJ.011;PS.BB.009
KD.JJ.011;PS.CC.006
KD.JJ.011;PS.DD.005
KD.JJ.011;PS.GG.009
KD.JJ.011;PS.HH.002
KD.JJ.011;PS.HH.003
KD.JJ.011;PS.HH.004
KD.JJ.012;DD.AA.001
KD.JJ.012;KD.JJ.011
KD.JJ.013;AB.BB.009
KD.JJ.013;AB.DD.003
KD.JJ.013;AB.DD.007
KD.JJ.013;AB.DD.008
KD.JJ.013;AB.GG.004
KD.JJ.013;DS.BB.006
KD.JJ.013;DS.FF.006
KD.JJ.013;FT.HH.001
KD.JJ.013;KD.GG.006
KD.JJ.013;KD.JJ.007
KD.JJ.013;KD.JJ.008
KD.JJ.013;KD.LL.003
KD.JJ.013;LD.GG.003
KD.JJ.013;PS.HH.002
KD.JJ.013;PS.II.009
KD.JJ.013;TL.GG.004
KD.KK.001;KD.KK.002
KD.KK.001;KD.KK.003
KD.KK.001;KD.KK.004
KD.KK.001;KD.KK.005
KD.KK.001;KD.KK.006
KD.KK.001;KD.KK.007
KD.KK.002;DS.BB.009
KD.KK.002;DS.FF.007
KD.KK.002;HB.AA.008
KD.KK.002;KD.DD.002
KD.KK.002;KD.II.001
KD.KK.002;KD.JJ.009
KD.KK.002;KD.KK.001
KD.KK.002;TS.AA.003
KD.KK.003;BM.AA.008
KD.KK.003;DS.FF.001
KD.KK.003;DS.FF.008
KD.KK.003;HB.AA.008
KD.KK.003;HB.AA.009
KD.KK.003;KD.FF.001
KD.KK.003;KD.FF.009
KD.KK.003;KD.II.001
KD.KK.003;KD.II.007
KD.KK.003;KD.KK.002
KD.KK.003;LD.GG.009
KD.KK.003;PS.AA.000
KD.KK.003;PS.EE.002
KD.KK.003;SI.CC.003
KD.KK.004;AB.BB.009
KD.KK.004;DS.BB.009
KD.KK.004;DS.FF.006
KD.KK.004;HB.AA.008
KD.KK.004;KD.BB.006
KD.KK.004;KD.BB.007
KD.KK.004;KD.II.001
KD.KK.004;KD.KK.003
KD.KK.004;SI.AA.012
KD.KK.004;TL.BB.003
KD.KK.004;TL.EE.002
KD.KK.005;DD.AA.005
KD.KK.005;DS.FF.006
KD.KK.005;KD.II.001
KD.KK.005;KD.JJ.006
KD.KK.005;KD.KK.004
KD.KK.005;KD.KK.006
KD.KK.005;LD.GG.009
KD.KK.005;SI.AA.010
KD.KK.006;DS.BB.001
KD.KK.006;DS.BB.010
KD.KK.006;KD.FF.005
KD.KK.006;KD.KK.001
KD.KK.006;KD.KK.003
KD.KK.006;LD.GG.009
KD.KK.007;DS.BB.001
KD.KK.007;HB.AA.008
KD.KK.007;KD.FF.001
KD.KK.007;KD.FF.018
KD.KK.007;KD.FF.021
KD.KK.007;KD.II.001
KD.KK.007;KD.KK.003
KD.KK.007;KD.KK.006
KD.KK.007;SI.AA.002
KD.LL.001;KD.LL.002
KD.LL.001;KD.LL.003
KD.LL.002;AB.DD.007
KD.LL.002;AB.GG.004
KD.LL.002;BD.HH.004
KD.LL.002;BD.HH.006
KD.LL.002;DD.AA.001
KD.LL.002;DS.HH.002
KD.LL.002;KD.FF.017
KD.LL.002;KD.GG.001
KD.LL.002;KD.JJ.009
KD.LL.002;PS.AA.000
KD.LL.002;TL.II.002
KD.LL.003;AB.DD.006
KD.LL.003;AB.GG.004
KD.LL.003;AB.GG.005
KD.LL.003;BD.HH.003
KD.LL.003;KD.GG.002
LD.AA.000;AB.BB.007
LD.AA.000;IS.CC.006
LD.AA.000;KD.BB.006
LD.AA.000;KD.JJ.002
LD.AA.000;KD.JJ.003
LD.AA.000;KD.JJ.004
LD.AA.000;KD.JJ.005
LD.AA.000;KD.JJ.006
LD.AA.000;KD.JJ.007
LD.AA.000;KD.JJ.008
LD.AA.000;KD.JJ.009
LD.AA.000;KD.JJ.013
LD.AA.000;KD.LL.002
LD.AA.000;KD.LL.003
LD.AA.000;LD.AA.002
LD.AA.000;LD.AA.003
LD.AA.000;LD.AA.004
LD.AA.000;LD.AA.006
LD.AA.000;LD.AA.007
LD.AA.000;LD.AA.008
LD.AA.000;LD.AA.009
LD.AA.000;LD.AA.010
LD.AA.000;LD.AA.011
LD.AA.000;LD.BB.002
LD.AA.000;LD.BB.003
LD.AA.000;LD.BB.004
LD.AA.000;LD.BB.005
LD.AA.000;LD.BB.006
LD.AA.000;LD.BB.007
LD.AA.000;LD.BB.008
LD.AA.000;LD.BB.009
LD.AA.000;LD.BB.010
LD.AA.000;LD.CC.002
LD.AA.000;LD.CC.003
LD.AA.000;LD.CC.004
LD.AA.000;LD.CC.005
LD.AA.000;LD.CC.006
LD.AA.000;LD.DD.002
LD.AA.000;LD.DD.003
LD.AA.000;LD.DD.004
LD.AA.000;LD.EE.002
LD.AA.000;LD.EE.003
LD.AA.000;LD.EE.004
LD.AA.000;LD.FF.002
LD.AA.000;LD.FF.003
LD.AA.000;LD.FF.004
LD.AA.000;LD.FF.005
LD.AA.000;LD.FF.006
LD.AA.000;LD.FF.007
LD.AA.000;LD.FF.008
LD.AA.000;LD.GG.002
LD.AA.000;LD.GG.003
LD.AA.000;LD.GG.004
LD.AA.000;LD.GG.005
LD.AA.000;LD.GG.006
LD.AA.000;LD.GG.007
LD.AA.000;LD.GG.009
LD.AA.000;LD.GG.010
LD.AA.000;PS.BB.009
LD.AA.002;LD.AA.003
LD.AA.002;TL.CC.002
LD.AA.002;TL.CC.005
LD.AA.003;AB.GG.006
LD.AA.003;KD.EE.002
LD.AA.003;KD.FF.009
LD.AA.003;KD.HH.005
LD.AA.003;LD.AA.002
LD.AA.003;LD.AA.004
LD.AA.004;BM.AA.001
LD.AA.004;BM.AA.002
LD.AA.004;BM.AA.003
LD.AA.004;BM.AA.006
LD.AA.004;KD.FF.009
LD.AA.004;LD.AA.000
LD.AA.004;LD.AA.006
LD.AA.004;MS.BB.001
LD.AA.004;SI.AA.005
LD.AA.004;SI.BB.002
LD.AA.004;TL.CC.002
LD.AA.004;TL.CC.008
LD.AA.006;AB.BB.001
LD.AA.006;BM.BB.001
LD.AA.006;KD.DD.002
LD.AA.006;LD.AA.000
LD.AA.006;LD.AA.007
LD.AA.006;LD.AA.010
LD.AA.006;TL.EE.003
LD.AA.006;TL.EE.012
LD.AA.006;TL.HH.003
LD.AA.006;TL.HH.010
LD.AA.006;TL.JJ.012
LD.AA.006;TS.AA.005
LD.AA.006;TS.AA.009
LD.AA.006;TS.AA.011
LD.AA.007;BM.AA.002
LD.AA.007;LD.AA.000
LD.AA.007;LD.AA.004
LD.AA.007;LD.AA.006
LD.AA.007;LD.AA.008
LD.AA.007;TS.AA.005
LD.AA.008;BM.AA.001
LD.AA.008;KD.DD.001
LD.AA.008;KD.DD.002
LD.AA.008;LD.AA.000
LD.AA.008;LD.AA.009
LD.AA.008;SI.BB.002
LD.AA.008;SI.BB.006
LD.AA.008;TL.GG.007
LD.AA.009;AB.BB.005
LD.AA.009;AB.BB.008
LD.AA.009;AB.DD.001
LD.AA.009;BD.AA.008
LD.AA.009;BD.HH.003
LD.AA.009;KD.BB.007
LD.AA.009;LD.AA.000
LD.AA.009;LD.AA.010
LD.AA.009;MS.BB.001
LD.AA.009;SI.AA.005
LD.AA.010;HB.AA.000
LD.AA.010;KD.BB.007
LD.AA.010;LD.AA.006
LD.AA.010;LD.AA.011
LD.AA.010;TS.AA.005
LD.AA.011;AB.DD.006
LD.AA.011;BM.DD.006
LD.AA.011;LD.AA.004
LD.AA.011;LD.AA.007
LD.AA.011;LD.AA.010
LD.AA.011;LD.DD.002
LD.AA.011;TL.GG.009
LD.BB.001;FT.II.001
LD.BB.001;LD.BB.002
LD.BB.001;LD.BB.003
LD.BB.001;LD.BB.004
LD.BB.001;LD.BB.005
LD.BB.001;LD.BB.006
LD.BB.001;LD.BB.007
LD.BB.001;LD.BB.008
LD.BB.001;LD.BB.009
LD.BB.001;LD.BB.010
LD.BB.001;PD.BB.000
LD.BB.002;BD.HH.001
LD.BB.002;KD.BB.006
LD.BB.002;KD.DD.002
LD.BB.002;KD.FF.003
LD.BB.002;LD.EE.002
LD.BB.002;PS.CC.001
LD.BB.002;SI.CC.003
LD.BB.002;TL.BB.004
LD.BB.002;TL.CC.005
LD.BB.002;TL.EE.003
LD.BB.002;TL.EE.006
LD.BB.002;TL.HH.004
LD.BB.002;TL.II.009
LD.BB.003;AB.AA.000
LD.BB.003;AB.BB.003
LD.BB.003;DS.FF.004
LD.BB.003;DS.KK.007
LD.BB.003;HB.AA.008
LD.BB.003;HB.AA.009
LD.BB.003;KD.GG.004
LD.BB.003;KD.II.008
LD.BB.003;KD.JJ.007
LD.BB.003;LD.BB.004
LD.BB.003;PS.JJ.004
LD.BB.003;SI.AA.002
LD.BB.003;TL.BB.003
LD.BB.003;TS.AA.000
LD.BB.003;TS.AA.001
LD.BB.003;TS.AA.002
LD.BB.003;TS.AA.005
LD.BB.004;AB.GG.006
LD.BB.004;DS.KK.007
LD.BB.004;KD.DD.002
LD.BB.004;KD.GG.004
LD.BB.004;KD.GG.006
LD.BB.004;LD.BB.001
LD.BB.004;LD.BB.003
LD.BB.004;LD.EE.002
LD.BB.005;LD.BB.003
LD.BB.005;LD.BB.004
LD.BB.006;AB.GG.005
LD.BB.006;DS.EE.001
LD.BB.006;KD.BB.007
LD.BB.006;KD.DD.002
LD.BB.006;KD.DD.003
LD.BB.006;KD.GG.006
LD.BB.006;KD.HH.003
LD.BB.006;KD.II.008
LD.BB.006;LD.BB.001
LD.BB.006;LD.BB.005
LD.BB.006;PS.AA.000
LD.BB.006;PS.EE.001
LD.BB.006;PS.HH.004
LD.BB.006;TL.II.009
LD.BB.007;AB.DD.006
LD.BB.007;BM.BB.001
LD.BB.007;ER.FF.001
LD.BB.007;IS.CC.006
LD.BB.007;PS.EE.001
LD.BB.007;PS.GG.002
LD.BB.007;SI.BB.001
LD.BB.007;SI.BB.005
LD.BB.007;TL.HH.003
LD.BB.007;TL.JJ.010
LD.BB.008;AB.CC.006
LD.BB.008;BM.AA.000
LD.BB.008;DS.KK.007
LD.BB.008;KD.DD.002
LD.BB.008;KD.GG.004
LD.BB.008;LD.BB.002
LD.BB.008;LD.BB.003
LD.BB.008;LD.BB.004
LD.BB.008;LD.BB.005
LD.BB.008;LD.BB.007
LD.BB.008;PS.AA.000
LD.BB.008;TL.BB.003
LD.BB.008;TL.CC.002
LD.BB.008;TL.GG.004
LD.BB.008;TL.HH.005
LD.BB.009;KD.GG.004
LD.BB.009;LD.BB.007
LD.BB.009;MR.AA.006
LD.BB.009;SI.BB.001
LD.BB.009;SI.DD.002
LD.BB.009;TL.BB.003
LD.BB.009;TL.GG.004
LD.BB.010;KD.BB.001
LD.BB.010;KD.BB.002
LD.BB.010;LD.BB.005
LD.BB.010;LD.BB.007
LD.BB.010;PS.AA.005
LD.BB.010;TS.AA.010
LD.CC.001;AB.BB.007
LD.CC.001;LD.AA.000
LD.CC.001;LD.CC.002
LD.CC.001;LD.CC.003
LD.CC.001;LD.CC.004
LD.CC.001;LD.CC.005
LD.CC.001;LD.CC.006
LD.CC.002;DS.BB.001
LD.CC.002;HB.AA.000
LD.CC.002;PD.BB.000
LD.CC.003;DS.KK.007
LD.CC.003;KD.BB.007
LD.CC.003;LD.AA.000
LD.CC.003;LD.CC.001
LD.CC.003;TL.BB.003
LD.CC.003;TL.BB.004
LD.CC.003;TL.BB.005
LD.CC.003;TL.EE.003
LD.CC.003;TL.EE.007
LD.CC.003;TL.FF.002
LD.CC.004;BD.AA.007
LD.CC.004;DS.BB.001
LD.CC.004;ER.CC.001
LD.CC.004;KD.EE.003
LD.CC.004;KD.EE.004
LD.CC.004;LD.AA.004
LD.CC.004;LD.EE.002
LD.CC.004;SI.CC.001
LD.CC.004;TL.CC.005
LD.CC.005;KD.BB.006
LD.CC.005;KD.BB.007
LD.CC.005;LD.BB.004
LD.CC.006;KD.AA.001
LD.CC.006;KD.AA.002
LD.CC.006;PS.BB.009
LD.CC.006;PS.DD.005
LD.CC.006;TL.HH.003
LD.CC.007;AB.GG.006
LD.CC.007;BM.CC.004
LD.CC.007;CH.BB.003
LD.CC.007;CH.BB.006
LD.CC.007;KD.JJ.004
LD.CC.007;KD.LL.002
LD.CC.007;TL.II.002
LD.CC.007;TL.II.012
LD.DD.002;BM.BB.004
LD.DD.002;KD.DD.003
LD.DD.002;KD.GG.002
LD.DD.002;KD.GG.006
LD.DD.002;LD.AA.009
LD.DD.002;LD.AA.011
LD.DD.002;LD.DD.003
LD.DD.002;PS.AA.004
LD.DD.002;PS.JJ.003
LD.DD.002;TL.EE.003
LD.DD.003;KD.HH.003
LD.DD.003;LD.AA.006
LD.DD.003;LD.AA.007
LD.DD.003;LD.AA.008
LD.DD.003;LD.AA.009
LD.DD.003;PS.AA.000
LD.DD.003;PS.II.007
LD.DD.003;TL.KK.004
LD.DD.004;AB.GG.005
LD.DD.004;BD.HH.003
LD.DD.004;BM.BB.001
LD.DD.004;KD..
LD.DD.004;KD.BB.007
LD.DD.004;KD.HH.003
LD.DD.004;LD.DD.003
LD.DD.004;PS.AA.000
LD.DD.004;PS.JJ.003
LD.DD.004;PS.JJ.004
LD.DD.004;SI.AA.004
LD.DD.004;TL.II.009
LD.EE.001;LD.EE.002
LD.EE.001;LD.EE.003
LD.EE.001;LD.EE.004
LD.EE.001;PS.BB.009
LD.EE.002;BM.AA.002
LD.EE.002;BM.CC.003
LD.EE.002;BM.CC.005
LD.EE.002;DS.BB.001
LD.EE.002;KD.BB.001
LD.EE.002;KD.BB.002
LD.EE.002;KD.FF.001
LD.EE.002;PS.BB.004
LD.EE.002;SI.AA.005
LD.EE.002;SI.AA.009
LD.EE.002;TL.BB.005
LD.EE.002;TL.DD.002
LD.EE.002;TL.FF.005
LD.EE.002;TL.II.008
LD.EE.002;TL.JJ.009
LD.EE.003;BD.JJ.003
LD.EE.003;BM.AA.002
LD.EE.003;BM.DD.006
LD.EE.003;ER.AA.000
LD.EE.003;ER.EE.001
LD.EE.003;KD.BB.006
LD.EE.003;KD.BB.007
LD.EE.003;KD.FF.001
LD.EE.003;KD.HH.005
LD.EE.003;KD.JJ.007
LD.EE.003;LD.GG.009
LD.EE.003;MS.BB.001
LD.EE.003;PS.II.002
LD.EE.003;TL.CC.006
LD.EE.003;TL.DD.002
LD.EE.003;TL.HH.010
LD.EE.003;TL.JJ.006
LD.EE.004;AB.GG.006
LD.EE.004;KD..
LD.EE.004;KD.BB.007
LD.EE.004;KD.DD.001
LD.EE.004;KD.JJ.008
LD.EE.004;PS.BB.009
LD.EE.004;PS.HH.003
LD.EE.004;SI.CC.001
LD.FF.002;AB.BB.008
LD.FF.002;BD.HH.004
LD.FF.002;BD.II.002
LD.FF.002;BM.DD.005
LD.FF.002;BM.DD.006
LD.FF.002;ER.EE.001
LD.FF.002;FT.BB.001
LD.FF.002;KD.DD.002
LD.FF.002;LD.EE.003
LD.FF.002;LD.FF.004
LD.FF.002;LD.FF.005
LD.FF.002;LD.FF.006
LD.FF.002;LD.FF.007
LD.FF.002;LD.FF.008
LD.FF.002;MS.BB.001
LD.FF.002;SI.AA.007
LD.FF.002;TL.HH.006
LD.FF.002;TS.AA.004
LD.FF.003;DS.FF.005
LD.FF.003;KD.BB.006
LD.FF.003;KD.BB.007
LD.FF.003;SI.AA.011
LD.FF.004;LD.AA.004
LD.FF.004;LD.EE.002
LD.FF.004;LD.FF.003
LD.FF.004;SI.AA.011
LD.FF.005;BD.HH.002
LD.FF.005;BM.DD.005
LD.FF.005;LD.FF.006
LD.FF.005;SI.AA.010
LD.FF.005;SI.AA.011
LD.FF.005;TL.HH.006
LD.FF.005;TS.AA.004
LD.FF.005;TS.AA.013
LD.FF.006;AB.BB.008
LD.FF.006;KD.EE.004
LD.FF.006;LD.FF.005
LD.FF.006;TS.AA.004
LD.FF.007;KD.II.001
LD.FF.007;LD.AA.007
LD.FF.007;LD.FF.002
LD.FF.007;LD.FF.005
LD.FF.007;LD.FF.008
LD.FF.007;SI.AA.007
LD.FF.007;SI.AA.011
LD.FF.007;TL.HH.004
LD.FF.008;AB.BB.007
LD.FF.008;AB.GG.006
LD.FF.008;ER.EE.003
LD.FF.008;KD.EE.001
LD.FF.008;LD.GG.003
LD.GG.001;AB.DD.001
LD.GG.001;LD.GG.002
LD.GG.001;LD.GG.003
LD.GG.001;LD.GG.004
LD.GG.001;LD.GG.005
LD.GG.001;LD.GG.006
LD.GG.001;LD.GG.007
LD.GG.001;LD.GG.009
LD.GG.001;LD.GG.010
LD.GG.002;AB.DD.006
LD.GG.002;AB.DD.007
LD.GG.002;AB.GG.005
LD.GG.002;BD.HH.003
LD.GG.002;DS.BB.001
LD.GG.002;DS.BB.006
LD.GG.002;DS.HH.002
LD.GG.002;KD.GG.006
LD.GG.002;KD.JJ.004
LD.GG.002;LD.AA.000
LD.GG.003;AB.DD.001
LD.GG.003;AB.DD.003
LD.GG.003;AB.DD.007
LD.GG.003;AB.DD.008
LD.GG.003;BD.HH.001
LD.GG.003;DS.BB.006
LD.GG.003;KD.GG.006
LD.GG.003;LD.GG.001
LD.GG.003;LD.GG.004
LD.GG.003;LD.GG.009
LD.GG.003;TL.GG.004
LD.GG.003;TL.HH.006
LD.GG.004;AB.DD.001
LD.GG.004;AB.DD.003
LD.GG.004;AB.DD.004
LD.GG.004;AB.DD.005
LD.GG.004;AB.DD.008
LD.GG.004;BD.FF.002
LD.GG.004;BD.FF.003
LD.GG.004;BD.FF.004
LD.GG.004;BD.HH.005
LD.GG.004;DS.BB.006
LD.GG.004;KD.GG.006
LD.GG.004;TL.GG.004
LD.GG.004;TL.HH.004
LD.GG.005;AB.DD.007
LD.GG.005;KD.FF.017
LD.GG.005;PS.AA.003
LD.GG.005;PS.JJ.003
LD.GG.005;TL.HH.003
LD.GG.005;TL.HH.006
LD.GG.006;AB.DD.001
LD.GG.006;AB.DD.002
LD.GG.006;AB.GG.004
LD.GG.006;BD.HH.001
LD.GG.006;LD.GG.001
LD.GG.006;LD.GG.002
LD.GG.006;PS.GG.016
LD.GG.007;AB.DD.001
LD.GG.007;AB.DD.003
LD.GG.007;BD.AA.007
LD.GG.007;DS.BB.006
LD.GG.007;KD.GG.003
LD.GG.007;KD.GG.004
LD.GG.007;KD.GG.006
LD.GG.007;LD.GG.001
LD.GG.007;LD.GG.003
LD.GG.007;TL.DD.005
LD.GG.008;AB.BB.001
LD.GG.008;AB.DD.005
LD.GG.008;AB.GG.004
LD.GG.008;AB.GG.006
LD.GG.008;BA.AA.002
LD.GG.008;CH.BB.003
LD.GG.008;IS.CC.004
LD.GG.008;KD.HH.003
LD.GG.008;PS.FF.003
LD.GG.008;TL.EE.010
LD.GG.008;TL.HH.006
LD.GG.008;TL.II.009
LD.GG.008;TL.II.012
LD.GG.009;BD.HH.005
LD.GG.009;HB.AA.000
LD.GG.009;HB.AA.002
LD.GG.009;HB.AA.018
LD.GG.009;KD.FF.001
LD.GG.009;KD.GG.006
LD.GG.009;LD.AA.000
LD.GG.009;LD.GG.004
LD.GG.009;MS.BB.001
LD.GG.009;SI.AA.005
LD.GG.009;TL.DD.002
LD.GG.009;TL.GG.004
LD.GG.009;TL.JJ.012
LD.GG.010;LD.GG.009
LD.GG.010;MS.BB.001
LD.GG.010;PS.AA.000
LD.GG.010;PS.AA.004
LD.GG.010;PS.FF.003
LD.GG.010;PS.JJ.002
LD.GG.010;SI.AA.005
LD.GG.010;TL.EE.006
LD.GG.010;TL.GG.003
LD.GG.010;TL.II.009
MR.AA.000;BD.AA.009
MR.AA.000;BD.GG.001
MR.AA.000;BM.AA.000
MR.AA.000;BM.DD.003
MR.AA.000;DS.BB.001
MR.AA.000;DS.BB.009
MR.AA.000;MR.AA.001
MR.AA.000;MR.AA.002
MR.AA.000;MR.AA.003
MR.AA.000;MR.AA.004
MR.AA.000;MR.AA.005
MR.AA.000;MR.AA.006
MR.AA.000;MR.AA.007
MR.AA.000;MR.AA.008
MR.AA.000;MR.AA.009
MR.AA.001;BD.GG.002
MR.AA.001;DD.AA.005
MR.AA.001;ER.AA.000
MR.AA.001;HB.AA.018
MR.AA.001;KD.FF.003
MR.AA.001;SI.AA.002
MR.AA.001;SI.AA.010
MR.AA.002;BA.AA.000
MR.AA.002;BA.AA.002
MR.AA.002;CH.BB.001
MR.AA.002;CH.BB.002
MR.AA.002;CH.BB.003
MR.AA.002;KD.JJ.004
MR.AA.002;PS.AA.000
MR.AA.002;TL.DD.006
MR.AA.002;TL.EE.002
MR.AA.002;TL.II.002
MR.AA.002;TL.II.008
MR.AA.003;BD.AA.006
MR.AA.003;KD.GG.002
MR.AA.003;TL.BB.003
MR.AA.003;TL.BB.005
MR.AA.003;TL.BB.008
MR.AA.003;TL.DD.005
MR.AA.003;TL.GG.007
MR.AA.003;TL.GG.009
MR.AA.004;MR.AA.003
MR.AA.004;TL.BB.008
MR.AA.004;TL.EE.006
MR.AA.005;AB.GG.005
MR.AA.005;BC.AA.004
MR.AA.005;BC.AA.006
MR.AA.005;TL.BB.003
MR.AA.005;TL.CC.002
MR.AA.005;TL.GG.012
MR.AA.006;AB.EE.002
MR.AA.006;AB.GG.004
MR.AA.006;BD.AA.005
MR.AA.006;BD.HH.001
MR.AA.006;DS.AA.002
MR.AA.006;KD.DD.002
MR.AA.006;KD.GG.004
MR.AA.006;PD.BB.000
MR.AA.006;TL.BB.003
MR.AA.006;TL.BB.005
MR.AA.006;TL.GG.004
MR.AA.007;BD.HH.001
MR.AA.007;BM.AA.000
MR.AA.007;BM.AA.006
MR.AA.007;BM.AA.010
MR.AA.007;TL.EE.006
MR.AA.007;TL.GG.010
MR.AA.008;AB.DD.001
MR.AA.008;AB.DD.002
MR.AA.008;BD.AA.007
MR.AA.008;BD.HH.001
MR.AA.008;BM.AA.008
MR.AA.008;HB.AA.015
MR.AA.008;KD.GG.006
MR.AA.008;LD.GG.001
MR.AA.009;BD.HH.004
MR.AA.009;KD.FF.001
MR.AA.009;LD.AA.000
MR.AA.009;MR.AA.003
MR.AA.009;SI.BB.001
MR.AA.009;TL.DD.003
MR.AA.009;TL.DD.006
MS.BB.001;TL.DD.002
MS.CC.005;KD.FF.003
MS.CC.006;TL.EE.007
MS.CC.006;TL.GG.004
MS.CC.007;BM.AA.001
MS.CC.007;TL.BB.007
NP.BB.001;DS.DD.001
NP.BB.001;KD.GG.004
NP.BB.001;KD.GG.007
NP.BB.001;PS.DD.007
NP.BB.001;SI.AA.009
NP.BB.001;SI.AA.010
NP.BB.001;TL.BB.000
NP.BB.001;TL.II.002
NP.BB.002;BA.AA.005
NP.BB.002;DS.DD.005
NP.BB.002;DS.DD.009
NP.BB.002;NP.BB.001
NP.BB.002;PS.EE.007
NP.BB.002;TL.GG.005
NP.BB.002;TL.II.007
NP.BB.002;TL.II.012
NP.BB.002;TL.JJ.008
NP.BB.003;AB.BB.008
NP.BB.003;BA.AA.005
NP.BB.003;DS.DD.001
NP.BB.003;DS.DD.004
NP.BB.003;DS.DD.005
NP.BB.003;DS.DD.007
NP.BB.003;IS.BB.004
NP.BB.003;NP.BB.002
NP.BB.003;TL.CC.002
NP.BB.003;TL.II.007
NP.BB.003;TL.II.008
NP.BB.003;TL.II.012
NP.BB.003;TL.II.013
NP.BB.003;TL.JJ.004
PD.AA.000;BD.AA.001
PD.AA.000;BD.BB.001
PD.AA.000;BM.AA.000
PD.AA.000;DD.AA.001
PD.AA.000;DS.BB.001
PD.AA.000;ER.AA.000
PD.AA.000;FT.CC.001
PD.AA.000;FT.GG.001
PD.AA.000;HB.AA.008
PD.AA.000;KD.BB.001
PD.AA.000;LD.BB.001
PD.AA.000;PD.BB.000
PD.AA.000;PD.CC.000
PD.AA.000;PS.BB.001
PD.AA.000;QD.AA.000
PD.AA.000;TS.AA.001
PD.CC.000;BM.AA.012
PD.CC.000;DS.BB.001
PD.CC.000;ER.AA.000
PD.CC.000;FT.BB.001
PD.CC.000;FT.HH.001
PD.CC.000;HB.AA.008
PD.CC.000;IS.AA.000
PD.CC.000;KD.II.001
PD.CC.000;PD.BB.000
PD.CC.000;QD.AA.000
PD.CC.000;TS.AA.001
PS.AA.000;ER.CC.001
PS.AA.000;ER.CC.002
PS.AA.000;ER.CC.012
PS.AA.000;LD.BB.006
PS.AA.000;PS.AA.002
PS.AA.000;PS.AA.003
PS.AA.000;PS.AA.004
PS.AA.000;PS.AA.005
PS.AA.000;PS.AA.006
PS.AA.000;PS.AA.007
PS.AA.000;PS.BB.001
PS.AA.000;PS.DD.001
PS.AA.000;PS.EE.001
PS.AA.000;PS.EE.002
PS.AA.000;PS.FF.001
PS.AA.000;PS.GG.001
PS.AA.000;PS.HH.001
PS.AA.000;PS.II.001
PS.AA.000;PS.JJ.001
PS.AA.000;TL.KK.001
PS.AA.002;DS.DD.001
PS.AA.002;KD.BB.006
PS.AA.002;KD.GG.004
PS.AA.002;KD.GG.006
PS.AA.002;KD.HH.003
PS.AA.002;KD.HH.006
PS.AA.002;KD.JJ.007
PS.AA.002;PS.AA.004
PS.AA.002;PS.AA.005
PS.AA.002;PS.CC.006
PS.AA.002;PS.CC.007
PS.AA.002;PS.HH.001
PS.AA.002;PS.II.001
PS.AA.002;PS.II.007
PS.AA.002;PS.II.009
PS.AA.002;PS.JJ.001
PS.AA.002;TL.BB.003
PS.AA.002;TL.EE.006
PS.AA.002;TL.II.009
PS.AA.003;IS.CC.003
PS.AA.003;KD.EE.002
PS.AA.003;PS.GG.001
PS.AA.003;PS.HH.001
PS.AA.003;PS.HH.002
PS.AA.003;PS.HH.003
PS.AA.003;PS.HH.004
PS.AA.003;PS.JJ.003
PS.AA.003;TL.CC.002
PS.AA.003;TL.DD.007
PS.AA.004;DS.DD.005
PS.AA.004;ER.CC.001
PS.AA.004;ER.CC.002
PS.AA.004;HB.AA.013
PS.AA.004;PS.AA.002
PS.AA.004;PS.JJ.003
PS.AA.004;TL.EE.006
PS.AA.004;TL.II.008
PS.AA.005;KD.JJ.009
PS.AA.005;PS.GG.002
PS.AA.006;BM.AA.000
PS.AA.006;DS.BB.001
PS.AA.006;KD.GG.006
PS.AA.006;PS.EE.002
PS.AA.006;PS.FF.003
PS.AA.006;PS.HH.001
PS.AA.006;PS.II.001
PS.AA.006;PS.II.012
PS.AA.006;TL.GG.004
PS.AA.007;BD.BB.001
PS.AA.007;KD.BB.006
PS.AA.007;KD.GG.006
PS.AA.007;PS.AA.000
PS.AA.007;PS.CC.007
PS.AA.007;PS.GG.001
PS.AA.007;PS.II.007
PS.AA.007;SI.AA.001
PS.AA.007;TL.DD.002
PS.AA.007;TL.II.009
PS.BB.001;KD.HH.004
PS.BB.001;KD.HH.005
PS.BB.001;PS.BB.002
PS.BB.001;PS.BB.003
PS.BB.001;PS.BB.004
PS.BB.001;PS.BB.005
PS.BB.001;PS.BB.006
PS.BB.001;PS.BB.007
PS.BB.001;PS.BB.008
PS.BB.001;PS.BB.009
PS.BB.001;PS.CC.001
PS.BB.001;SI.CC.003
PS.BB.002;IS.CC.004
PS.BB.002;KD.DD.001
PS.BB.002;KD.HH.003
PS.BB.002;KD.HH.004
PS.BB.002;KD.HH.005
PS.BB.002;PS.BB.001
PS.BB.002;SI.DD.002
PS.BB.002;TL.EE.003
PS.BB.003;KD.HH.004
PS.BB.003;KD.HH.005
PS.BB.003;PS.BB.001
PS.BB.003;PS.BB.004
PS.BB.003;PS.FF.001
PS.BB.003;SI.CC.003
PS.BB.003;TL.CC.002
PS.BB.003;TL.II.008
PS.BB.004;KD.BB.007
PS.BB.004;KD.EE.002
PS.BB.004;KD.HH.004
PS.BB.004;LD.AA.008
PS.BB.004;PS.BB.001
PS.BB.004;PS.BB.003
PS.BB.004;PS.HH.003
PS.BB.004;TL.EE.005
PS.BB.004;TL.HH.003
PS.BB.005;DS.FF.008
PS.BB.005;PS.BB.001
PS.BB.005;PS.BB.004
PS.BB.005;SI.CC.003
PS.BB.006;AB.DD.005
PS.BB.006;DS.BB.006
PS.BB.006;ER.CC.001
PS.BB.006;HB.AA.008
PS.BB.006;KD.GG.006
PS.BB.006;KD.LL.003
PS.BB.006;PS.HH.004
PS.BB.006;TL.II.012
PS.BB.007;BD.HH.004
PS.BB.007;DS.HH.003
PS.BB.007;LD.FF.002
PS.BB.007;PS.BB.001
PS.BB.007;PS.BB.006
PS.BB.008;PS.AA.000
PS.BB.008;PS.BB.001
PS.BB.008;PS.BB.007
PS.BB.009;KD.BB.006
PS.BB.009;KD.FF.003
PS.BB.009;LD.EE.002
PS.BB.009;LD.GG.009
PS.BB.009;PS.AA.000
PS.BB.009;PS.CC.001
PS.BB.009;PS.HH.004
PS.BB.009;SI.AA.005
PS.BB.009;TL.EE.004
PS.BB.009;TS.AA.005
PS.CC.001;PS.CC.002
PS.CC.001;PS.CC.003
PS.CC.001;PS.CC.004
PS.CC.001;PS.CC.005
PS.CC.001;PS.CC.006
PS.CC.001;PS.CC.007
PS.CC.002;DS.DD.001
PS.CC.002;DS.DD.002
PS.CC.002;DS.FF.006
PS.CC.002;KD.DD.002
PS.CC.002;KD.JJ.006
PS.CC.002;PS.BB.001
PS.CC.002;PS.CC.005
PS.CC.002;PS.II.007
PS.CC.002;PS.II.009
PS.CC.002;TL.II.002
PS.CC.002;TS.AA.003
PS.CC.003;PS.BB.001
PS.CC.003;PS.CC.002
PS.CC.004;AB.CC.007
PS.CC.004;KD.BB.006
PS.CC.004;PS.BB.001
PS.CC.004;PS.CC.002
PS.CC.004;PS.CC.003
PS.CC.004;PS.II.007
PS.CC.004;TL.KK.004
PS.CC.005;BM.AA.006
PS.CC.005;PS.BB.001
PS.CC.005;PS.CC.001
PS.CC.005;PS.CC.002
PS.CC.005;PS.CC.003
PS.CC.005;PS.HH.002
PS.CC.005;SI.AA.001
PS.CC.006;AB.DD.008
PS.CC.006;BM.BB.001
PS.CC.006;KD.BB.007
PS.CC.006;KD.GG.006
PS.CC.006;PS.CC.005
PS.CC.006;PS.CC.007
PS.CC.006;PS.HH.002
PS.CC.006;PS.HH.004
PS.CC.007;PS.CC.006
PS.CC.007;PS.II.007
PS.DD.001;PS.DD.002
PS.DD.001;PS.DD.003
PS.DD.001;PS.DD.004
PS.DD.001;PS.DD.005
PS.DD.001;PS.DD.006
PS.DD.001;PS.DD.007
PS.DD.002;DS.BB.001
PS.DD.002;DS.II.002
PS.DD.002;HB.AA.008
PS.DD.002;HB.AA.009
PS.DD.002;TL.EE.010
PS.DD.003;AB.BB.009
PS.DD.003;DS.BB.001
PS.DD.003;KD.BB.001
PS.DD.003;LD.EE.004
PS.DD.003;PS.AA.000
PS.DD.003;PS.AA.007
PS.DD.003;PS.BB.009
PS.DD.003;PS.EE.008
PS.DD.003;PS.GG.002
PS.DD.003;PS.II.009
PS.DD.004;DD.AA.001
PS.DD.004;DS.FF.008
PS.DD.004;IS.CC.005
PS.DD.004;KD..
PS.DD.004;KD.BB.006
PS.DD.004;LD.EE.004
PS.DD.004;PS.AA.007
PS.DD.004;PS.DD.003
PS.DD.004;PS.EE.001
PS.DD.004;PS.EE.008
PS.DD.004;PS.GG.002
PS.DD.004;PS.II.009
PS.DD.004;TL.DD.003
PS.DD.005;AB.DD.006
PS.DD.005;BD.AA.007
PS.DD.005;BD.CC.006
PS.DD.005;BD.DD.002
PS.DD.005;CH.AA.005
PS.DD.005;DS.BB.001
PS.DD.005;DS.FF.009
PS.DD.005;IS.CC.007
PS.DD.005;PS.EE.010
PS.DD.005;PS.GG.012
PS.DD.005;PS.GG.016
PS.DD.005;PS.GG.017
PS.DD.005;TL.DD.005
PS.DD.006;DS.BB.001
PS.DD.006;DS.HH.002
PS.DD.006;KD.HH.005
PS.DD.006;PS.BB.004
PS.DD.006;PS.DD.002
PS.DD.006;PS.DD.004
PS.DD.006;TL.HH.005
PS.DD.006;TL.KK.001
PS.DD.007;BM.BB.001
PS.DD.007;DS.FF.004
PS.DD.007;DS.FF.005
PS.DD.007;HB.AA.008
PS.DD.007;HB.AA.009
PS.DD.007;KD.DD.003
PS.DD.007;SI.AA.008
PS.DD.007;SI.CC.002
PS.DD.007;TL.BB.003
PS.EE.001;KD.BB.001
PS.EE.001;PS.DD.005
PS.EE.001;PS.EE.002
PS.EE.001;PS.EE.003
PS.EE.001;PS.EE.004
PS.EE.001;PS.EE.005
PS.EE.001;PS.EE.006
PS.EE.001;PS.EE.007
PS.EE.001;PS.EE.008
PS.EE.001;PS.EE.009
PS.EE.001;PS.EE.010
PS.EE.002;AB.BB.003
PS.EE.002;BD.AA.007
PS.EE.002;BD.HH.001
PS.EE.002;BM.CC.004
PS.EE.002;CH.BB.001
PS.EE.002;ER.CC.002
PS.EE.002;HB.AA.008
PS.EE.002;HB.AA.009
PS.EE.002;IS.BB.001
PS.EE.002;IS.BB.010
PS.EE.002;IS.CC.001
PS.EE.002;KD.BB.002
PS.EE.002;KD.DD.003
PS.EE.002;KD.FF.003
PS.EE.002;KD.GG.004
PS.EE.002;KD.GG.006
PS.EE.002;KD.HH.003
PS.EE.002;KD.II.001
PS.EE.002;LD.AA.009
PS.EE.002;PS.AA.000
PS.EE.002;PS.AA.002
PS.EE.002;PS.BB.007
PS.EE.002;PS.BB.009
PS.EE.002;PS.DD.007
PS.EE.002;PS.EE.001
PS.EE.002;PS.EE.003
PS.EE.002;PS.EE.010
PS.EE.002;PS.HH.001
PS.EE.002;PS.HH.002
PS.EE.002;PS.HH.003
PS.EE.002;PS.HH.004
PS.EE.002;SI.AA.008
PS.EE.002;TL.BB.004
PS.EE.002;TL.CC.005
PS.EE.002;TL.GG.002
PS.EE.002;TL.GG.004
PS.EE.002;TL.GG.012
PS.EE.002;TL.HH.004
PS.EE.002;TL.II.002
PS.EE.002;TL.II.012
PS.EE.002;TS.AA.001
PS.EE.002;TS.AA.002
PS.EE.003;PS.EE.001
PS.EE.003;PS.EE.002
PS.EE.004;BD.DD.005
PS.EE.004;DS.BB.001
PS.EE.005;PS.EE.001
PS.EE.005;SI.AA.005
PS.EE.006;KD.JJ.004
PS.EE.006;KD.JJ.006
PS.EE.006;LD.EE.002
PS.EE.007;HB.AA.007
PS.EE.007;HB.AA.016
PS.EE.007;HB.AA.018
PS.EE.007;KD.BB.001
PS.EE.007;PS.EE.001
PS.EE.007;PS.EE.009
PS.EE.007;TL.DD.002
PS.EE.007;TL.JJ.003
PS.EE.007;TL.JJ.008
PS.EE.008;KD.BB.006
PS.EE.008;KD.JJ.006
PS.EE.008;PS.AA.007
PS.EE.008;PS.EE.007
PS.EE.008;PS.GG.002
PS.EE.008;PS.HH.003
PS.EE.008;SI.AA.012
PS.EE.008;SI.DD.002
PS.EE.008;TL.JJ.008
PS.EE.009;KD.BB.001
PS.EE.009;PS.EE.001
PS.EE.009;PS.EE.007
PS.EE.009;PS.EE.008
PS.EE.009;SI.CC.003
PS.EE.010;BD.CC.001
PS.EE.010;BD.DD.002
PS.EE.010;BD.DD.003
PS.EE.010;BD.HH.003
PS.EE.010;KD.II.003
PS.EE.010;KD.II.005
PS.EE.010;PS.BB.001
PS.EE.010;PS.DD.005
PS.EE.010;TL.DD.005
PS.FF.001;PS.FF.002
PS.FF.001;PS.FF.003
PS.FF.001;PS.FF.004
PS.FF.002;KD.BB.006
PS.FF.002;KD.FF.014
PS.FF.002;KD.FF.024
PS.FF.002;KD.JJ.006
PS.FF.002;PS.FF.003
PS.FF.003;AB.CC.002
PS.FF.003;AB.CC.003
PS.FF.003;AB.CC.007
PS.FF.003;AB.DD.001
PS.FF.003;AB.DD.002
PS.FF.003;AB.DD.005
PS.FF.003;BD.AA.007
PS.FF.003;BD.HH.001
PS.FF.003;DS.KK.003
PS.FF.003;HB.AA.008
PS.FF.003;KD.DD.003
PS.FF.003;KD.FF.019
PS.FF.003;KD.GG.005
PS.FF.003;KD.GG.006
PS.FF.003;KD.II.001
PS.FF.003;KD.JJ.006
PS.FF.003;PS.FF.002
PS.FF.003;PS.GG.019
PS.FF.003;TL.BB.000
PS.FF.003;TL.BB.004
PS.FF.003;TL.DD.005
PS.FF.003;TL.DD.007
PS.FF.003;TL.EE.009
PS.FF.003;TL.GG.002
PS.FF.003;TL.GG.004
PS.FF.003;TL.HH.008
PS.FF.004;KD.JJ.006
PS.FF.004;PS.FF.001
PS.GG.001;PS.GG.002
PS.GG.001;PS.GG.003
PS.GG.001;PS.GG.009
PS.GG.001;PS.GG.014
PS.GG.001;PS.GG.018
PS.GG.001;PS.GG.019
PS.GG.001;PS.GG.021
PS.GG.002;DS.EE.002
PS.GG.002;DS.EE.003
PS.GG.002;KD.BB.006
PS.GG.002;KD.JJ.007
PS.GG.002;KD.JJ.013
PS.GG.002;LD.EE.002
PS.GG.002;PS.EE.008
PS.GG.002;SI.AA.001
PS.GG.003;DS.FF.005
PS.GG.003;KD.BB.006
PS.GG.003;KD.JJ.006
PS.GG.003;PS.GG.004
PS.GG.003;PS.GG.005
PS.GG.003;PS.GG.006
PS.GG.003;PS.GG.007
PS.GG.003;PS.GG.008
PS.GG.004;CH.AA.000
PS.GG.004;DD.AA.001
PS.GG.004;DS.BB.001
PS.GG.004;DS.FF.005
PS.GG.004;ER.CC.001
PS.GG.004;KD.BB.007
PS.GG.004;KD.DD.001
PS.GG.004;LD.FF.003
PS.GG.004;PS.AA.006
PS.GG.004;PS.DD.001
PS.GG.004;PS.DD.003
PS.GG.004;PS.GG.002
PS.GG.004;PS.GG.003
PS.GG.004;SI.AA.001
PS.GG.004;TL.EE.008
PS.GG.005;DS.EE.001
PS.GG.005;KD.BB.006
PS.GG.005;KD.BB.007
PS.GG.005;PS.GG.002
PS.GG.005;TL.EE.002
PS.GG.005;TL.EE.003
PS.GG.006;AB.BB.003
PS.GG.006;AB.BB.005
PS.GG.006;AB.CC.003
PS.GG.006;CH.AA.000
PS.GG.006;DD.AA.001
PS.GG.006;KD.DD.001
PS.GG.006;PS.BB.009
PS.GG.006;PS.DD.005
PS.GG.006;PS.GG.005
PS.GG.006;TL.BB.003
PS.GG.006;TL.EE.002
PS.GG.007;KD.HH.004
PS.GG.007;LD.GG.009
PS.GG.007;PS.GG.005
PS.GG.007;PS.HH.004
PS.GG.007;TL.EE.004
PS.GG.008;KD.BB.006
PS.GG.008;PS.EE.001
PS.GG.008;PS.GG.005
PS.GG.008;TL.EE.003
PS.GG.008;TL.EE.004
PS.GG.009;KD.JJ.007
PS.GG.009;KD.JJ.008
PS.GG.009;PS.GG.010
PS.GG.009;PS.GG.011
PS.GG.009;PS.GG.012
PS.GG.009;PS.GG.013
PS.GG.010;BD.CC.003
PS.GG.010;IS.CC.007
PS.GG.010;PS.GG.002
PS.GG.010;PS.GG.006
PS.GG.010;PS.HH.002
PS.GG.010;PS.HH.004
PS.GG.010;SI.AA.001
PS.GG.011;PS.GG.002
PS.GG.011;PS.GG.010
PS.GG.011;PS.HH.002
PS.GG.011;PS.HH.004
PS.GG.012;AB.DD.006
PS.GG.012;DD.AA.001
PS.GG.012;IS.CC.007
PS.GG.012;PS.DD.007
PS.GG.012;PS.GG.013
PS.GG.013;DS.BB.006
PS.GG.013;KD.JJ.009
PS.GG.013;PS.DD.005
PS.GG.013;PS.GG.002
PS.GG.014;PS.DD.005
PS.GG.014;PS.GG.015
PS.GG.014;PS.GG.016
PS.GG.014;PS.GG.017
PS.GG.015;BD.DD.006
PS.GG.015;LD.GG.009
PS.GG.015;PS.DD.005
PS.GG.015;TS.AA.009
PS.GG.015;TS.AA.011
PS.GG.016;AB.DD.006
PS.GG.016;BD.AA.007
PS.GG.016;SI.AA.010
PS.GG.017;BD.CC.005
PS.GG.017;BD.GG.003
PS.GG.017;KD.GG.006
PS.GG.017;LD.GG.009
PS.GG.017;PS.GG.016
PS.GG.018;AB.BB.008
PS.GG.018;BD.BB.001
PS.GG.018;BD.CC.007
PS.GG.018;BD.DD.005
PS.GG.018;BD.FF.004
PS.GG.018;IS.CC.005
PS.GG.018;PS.GG.001
PS.GG.018;PS.GG.019
PS.GG.019;AB.BB.005
PS.GG.019;AB.CC.002
PS.GG.019;AB.DD.002
PS.GG.019;AB.DD.004
PS.GG.019;KD..
PS.GG.019;PS.AA.007
PS.GG.019;PS.GG.001
PS.GG.019;PS.GG.018
PS.GG.019;TL.LL.001
PS.GG.021;AB.BB.003
PS.GG.021;AB.BB.004
PS.GG.021;AB.BB.006
PS.GG.021;BD.CC.007
PS.GG.021;IS.CC.002
PS.GG.021;KD.JJ.004
PS.GG.021;PS.EE.002
PS.GG.021;PS.GG.001
PS.GG.021;PS.GG.018
PS.HH.001;PS.AA.006
PS.HH.001;PS.HH.002
PS.HH.001;PS.HH.003
PS.HH.001;PS.HH.004
PS.HH.002;BM.AA.000
PS.HH.002;ER.CC.001
PS.HH.002;KD.DD.002
PS.HH.002;KD.GG.006
PS.HH.002;KD.HH.003
PS.HH.002;PS.AA.000
PS.HH.002;PS.EE.002
PS.HH.002;PS.HH.004
PS.HH.002;SI.AA.001
PS.HH.002;SI.BB.005
PS.HH.002;TL.BB.004
PS.HH.003;AB.BB.008
PS.HH.003;AB.GG.006
PS.HH.003;KD.DD.003
PS.HH.003;KD.GG.001
PS.HH.003;KD.HH.003
PS.HH.003;PS.AA.003
PS.HH.003;PS.HH.001
PS.HH.003;PS.II.009
PS.HH.003;TL.II.002
PS.HH.003;TL.II.009
PS.HH.003;TL.II.012
PS.HH.003;TL.KK.004
PS.HH.004;KD.BB.006
PS.HH.004;KD.GG.006
PS.HH.004;KD.HH.003
PS.HH.004;KD.JJ.013
PS.HH.004;PS.BB.001
PS.HH.004;PS.BB.009
PS.HH.004;PS.CC.001
PS.HH.004;PS.CC.003
PS.HH.004;PS.CC.006
PS.HH.004;PS.CC.007
PS.HH.004;PS.EE.002
PS.HH.004;PS.FF.003
PS.HH.004;PS.HH.002
PS.HH.004;PS.II.001
PS.HH.004;PS.II.009
PS.HH.004;SI.BB.005
PS.HH.004;TL.II.009
PS.II.001;PS.CC.006
PS.II.001;PS.CC.007
PS.II.001;PS.II.002
PS.II.001;PS.II.003
PS.II.001;PS.II.004
PS.II.001;PS.II.005
PS.II.001;PS.II.006
PS.II.001;PS.II.007
PS.II.001;PS.II.008
PS.II.001;PS.II.009
PS.II.001;PS.II.010
PS.II.001;PS.II.011
PS.II.001;PS.II.012
PS.II.002;BM.CC.004
PS.II.002;CH.BB.003
PS.II.002;FT.GG.001
PS.II.002;PS.II.001
PS.II.002;SI.AA.001
PS.II.002;TL.EE.003
PS.II.002;TL.GG.005
PS.II.002;TL.HH.006
PS.II.002;TL.II.007
PS.II.002;TL.II.008
PS.II.002;TL.II.014
PS.II.003;CH.BB.001
PS.II.003;CH.BB.003
PS.II.003;DS.DD.001
PS.II.003;KD.BB.006
PS.II.003;PS.EE.002
PS.II.003;PS.II.002
PS.II.003;PS.II.004
PS.II.004;KD.BB.006
PS.II.004;PS.AA.004
PS.II.004;PS.EE.002
PS.II.004;PS.II.005
PS.II.005;LD.BB.004
PS.II.005;PS.HH.002
PS.II.006;AB.CC.007
PS.II.006;PS.CC.006
PS.II.006;PS.FF.003
PS.II.007;AB.CC.003
PS.II.007;BM.BB.001
PS.II.007;CH.AA.000
PS.II.007;ER.HH.001
PS.II.007;IS.CC.003
PS.II.007;KD.DD.001
PS.II.007;KD.DD.002
PS.II.007;PS.CC.003
PS.II.007;SI.AA.001
PS.II.007;TL.EE.008
PS.II.007;TL.II.009
PS.II.007;TS.AA.003
PS.II.008;CH.AA.001
PS.II.008;KD.BB.007
PS.II.008;PS.II.007
PS.II.008;PS.II.009
PS.II.009;BM.AA.007
PS.II.009;BM.BB.001
PS.II.009;KD.BB.006
PS.II.009;KD.BB.007
PS.II.009;KD.HH.003
PS.II.009;KD.JJ.007
PS.II.009;LD.EE.002
PS.II.009;PS.BB.004
PS.II.009;SI.BB.001
PS.II.010;BD.DD.005
PS.II.010;CH.AA.005
PS.II.010;ER.CC.003
PS.II.010;IS.BB.008
PS.II.010;LD.GG.005
PS.II.010;PS.CC.002
PS.II.010;PS.DD.005
PS.II.010;PS.GG.008
PS.II.010;PS.II.008
PS.II.010;PS.II.009
PS.II.010;PS.JJ.003
PS.II.010;TL.II.012
PS.II.011;AB.GG.004
PS.II.011;BD.DD.006
PS.II.011;DS.FF.008
PS.II.011;ER.BB.002
PS.II.011;ER.CC.002
PS.II.011;ER.CC.003
PS.II.011;KD.LL.002
PS.II.011;PS.DD.003
PS.II.011;PS.DD.005
PS.II.011;PS.GG.008
PS.II.011;PS.GG.013
PS.II.011;PS.II.001
PS.II.012;ER.CC.012
PS.II.012;HB.AA.008
PS.II.012;KD.GG.006
PS.II.012;PS.CC.007
PS.II.012;PS.EE.002
PS.II.012;TL.EE.010
PS.II.012;TL.GG.004
PS.JJ.001;PS.AA.004
PS.JJ.001;PS.JJ.002
PS.JJ.001;PS.JJ.003
PS.JJ.001;PS.JJ.004
PS.JJ.002;KD.DD.003
PS.JJ.002;KD.GG.002
PS.JJ.002;LD.DD.002
PS.JJ.002;PS.AA.004
PS.JJ.002;PS.JJ.003
PS.JJ.002;TL.BB.003
PS.JJ.003;AB.DD.005
PS.JJ.003;AB.DD.007
PS.JJ.003;BD.AA.008
PS.JJ.003;DS.KK.003
PS.JJ.003;KD.DD.003
PS.JJ.003;LD.GG.005
PS.JJ.003;PS.JJ.004
PS.JJ.003;TL.BB.004
PS.JJ.003;TL.EE.006
PS.JJ.003;TL.GG.002
PS.JJ.004;KD.FF.025
PS.JJ.004;LD.AA.000
PS.JJ.004;LD.AA.007
PS.JJ.004;LD.AA.008
PS.JJ.004;PS.AA.004
PS.JJ.004;PS.JJ.002
PS.JJ.004;SI.BB.002
PS.JJ.004;TL.BB.003
PS.KK.002;BM.BB.004
PS.KK.002;BM.DD.004
PS.KK.002;DS.KK.007
PS.KK.002;PS.JJ.003
PS.KK.002;TL.EE.006
PS.KK.002;TL.II.009
PS.KK.002;TL.KK.002
PS.KK.002;TS.AA.009
QD.AA.000;QD.AA.001
QD.AA.000;QD.BB.001
QD.AA.000;QD.CC.001
QD.AA.000;QD.CC.002
QD.AA.000;QD.CC.003
QD.AA.000;QD.DD.001
QD.AA.000;QD.DD.002
QD.AA.000;QD.DD.003
QD.AA.000;QD.DD.004
QD.AA.001;DS.KK.003
QD.AA.001;KD.FF.021
QD.AA.001;KD.JJ.001
QD.AA.001;QD.CC.001
QD.AA.001;TL.EE.006
QD.BB.001;QD.BB.002
QD.BB.001;QD.BB.003
QD.BB.002;AB.FF.003
QD.BB.002;DS.BB.001
QD.BB.002;DS.BB.003
QD.BB.002;LD.GG.001
QD.BB.002;PS.GG.016
QD.BB.002;QD.BB.003
QD.BB.002;QD.CC.001
QD.BB.002;TL.BB.003
QD.BB.003;QD.BB.002
QD.BB.003;QD.CC.001
QD.CC.001;QD.BB.002
QD.CC.001;QD.BB.003
QD.CC.001;QD.CC.002
QD.CC.001;QD.CC.003
QD.CC.001;QD.DD.001
QD.CC.001;QD.DD.002
QD.CC.001;QD.DD.003
QD.CC.001;QD.DD.004
QD.CC.002;QD.AA.000
QD.CC.002;QD.CC.001
QD.CC.002;QD.CC.003
QD.CC.003;QD.CC.001
QD.CC.003;QD.DD.001
QD.DD.001;QD.CC.001
QD.DD.001;QD.DD.002
QD.DD.001;QD.DD.003
QD.DD.001;QD.DD.004
QD.DD.002;DS.KK.003
QD.DD.002;QD.AA.001
QD.DD.002;QD.CC.001
QD.DD.002;QD.CC.002
QD.DD.002;QD.CC.003
QD.DD.003;QD.BB.002
QD.DD.003;QD.BB.003
QD.DD.003;QD.CC.001
QD.DD.003;QD.DD.002
QD.DD.003;QD.DD.004
QD.DD.004;DS.KK.003
QD.DD.004;QD.CC.001
QD.DD.004;QD.DD.003
SI.AA.000;SI.AA.001
SI.AA.000;SI.AA.002
SI.AA.000;SI.AA.003
SI.AA.000;SI.AA.004
SI.AA.000;SI.AA.005
SI.AA.000;SI.AA.006
SI.AA.000;SI.AA.007
SI.AA.000;SI.AA.008
SI.AA.000;SI.AA.009
SI.AA.000;SI.AA.010
SI.AA.000;SI.AA.011
SI.AA.000;SI.AA.012
SI.AA.000;SI.AA.013
SI.AA.000;SI.BB.001
SI.AA.000;SI.BB.002
SI.AA.000;SI.BB.003
SI.AA.000;SI.BB.004
SI.AA.000;SI.BB.005
SI.AA.000;SI.BB.006
SI.AA.000;SI.BB.007
SI.AA.000;SI.CC.001
SI.AA.000;SI.CC.002
SI.AA.000;SI.CC.003
SI.AA.000;SI.CC.004
SI.AA.000;SI.CC.005
SI.AA.000;SI.CC.006
SI.AA.000;SI.DD.001
SI.AA.000;SI.DD.002
SI.AA.000;SI.DD.003
SI.AA.001;AB.BB.001
SI.AA.001;BC.AA.006
SI.AA.001;BD.AA.005
SI.AA.001;BM.AA.007
SI.AA.001;ER.FF.001
SI.AA.001;FT.BB.001
SI.AA.001;HB.AA.002
SI.AA.001;HB.AA.015
SI.AA.001;KD.FF.001
SI.AA.001;LD.EE.004
SI.AA.001;PS.GG.002
SI.AA.001;SI.AA.002
SI.AA.002;DD.AA.007
SI.AA.002;HB.AA.000
SI.AA.002;HB.AA.008
SI.AA.002;HB.AA.009
SI.AA.002;KD.DD.002
SI.AA.002;KD.FF.001
SI.AA.002;KD.HH.001
SI.AA.002;LD.BB.003
SI.AA.002;PS.EE.002
SI.AA.002;SI.AA.001
SI.AA.002;TL.EE.012
SI.AA.002;TS.AA.001
SI.AA.002;TS.AA.002
SI.AA.003;AB.GG.005
SI.AA.003;BD.HH.003
SI.AA.003;KD.DD.002
SI.AA.003;SI.AA.004
SI.AA.003;SI.CC.004
SI.AA.004;BD.EE.004
SI.AA.004;BM.AA.001
SI.AA.004;BM.BB.001
SI.AA.004;DP.BB.006
SI.AA.004;HB.AA.014
SI.AA.004;KD.DD.001
SI.AA.004;KD.DD.002
SI.AA.004;KD.FF.001
SI.AA.004;LD.AA.000
SI.AA.004;LD.AA.008
SI.AA.004;MR.AA.003
SI.AA.004;SI.AA.000
SI.AA.004;SI.AA.001
SI.AA.004;SI.AA.005
SI.AA.004;SI.BB.001
SI.AA.004;TL.BB.000
SI.AA.004;TL.BB.003
SI.AA.004;TL.EE.005
SI.AA.005;AB.DD.003
SI.AA.005;LD.EE.003
SI.AA.005;LD.GG.009
SI.AA.006;MS.BB.001
SI.AA.007;BD.II.002
SI.AA.007;BM.DD.005
SI.AA.007;TS.AA.013
SI.AA.008;DS.FF.004
SI.AA.008;TL.HH.005
SI.AA.009;BD.GG.003
SI.AA.009;SI.AA.010
SI.AA.010;BD.AA.006
SI.AA.010;DD.AA.005
SI.AA.010;DS.AA.001
SI.AA.010;DS.BB.001
SI.AA.010;MR.AA.001
SI.AA.010;SI.CC.001
SI.AA.010;TS.AA.013
SI.AA.011;LD.FF.004
SI.AA.011;LD.FF.005
SI.AA.011;LD.FF.006
SI.AA.011;LD.FF.007
SI.AA.011;TL.HH.004
SI.AA.012;BM.BB.001
SI.AA.012;ER.CC.001
SI.AA.012;PS.AA.002
SI.AA.012;PS.FF.003
SI.AA.013;AB.DD.007
SI.AA.013;BD.CC.007
SI.AA.013;BD.FF.003
SI.AA.013;DS.BB.006
SI.BB.001;SI.BB.002
SI.BB.001;SI.BB.003
SI.BB.001;SI.BB.004
SI.BB.001;SI.BB.005
SI.BB.001;SI.BB.006
SI.BB.001;SI.BB.007
SI.BB.002;DS.BB.001
SI.BB.002;HB.AA.008
SI.BB.002;HB.AA.009
SI.BB.002;KD.DD.002
SI.BB.002;LD.AA.000
SI.BB.002;LD.AA.006
SI.BB.002;LD.AA.008
SI.BB.002;PS.GG.002
SI.BB.002;SI.AA.001
SI.BB.002;SI.BB.003
SI.BB.002;TL.GG.007
SI.BB.002;TS.AA.010
SI.BB.003;BM.AA.002
SI.BB.003;BM.AA.004
SI.BB.003;BM.BB.001
SI.BB.003;DS.KK.007
SI.BB.003;PS.AA.005
SI.BB.003;SI.BB.002
SI.BB.003;SI.BB.004
SI.BB.003;TS.AA.005
SI.BB.004;BM.AA.002
SI.BB.004;BM.AA.007
SI.BB.004;BM.DD.005
SI.BB.004;SI.BB.003
SI.BB.004;SI.BB.005
SI.BB.004;TL.CC.005
SI.BB.004;TL.EE.009
SI.BB.004;TL.GG.008
SI.BB.005;SI.AA.001
SI.BB.005;SI.BB.002
SI.BB.005;SI.BB.004
SI.BB.005;SI.BB.006
SI.BB.006;SI.AA.001
SI.BB.006;SI.BB.002
SI.BB.006;SI.BB.004
SI.BB.006;SI.BB.005
SI.BB.006;SI.BB.007
SI.BB.007;BM.AA.004
SI.BB.007;DP.BB.005
SI.BB.007;KD.II.002
SI.BB.007;SI.BB.003
SI.CC.001;SI.CC.002
SI.CC.001;SI.CC.003
SI.CC.001;SI.CC.004
SI.CC.001;SI.CC.005
SI.CC.001;SI.CC.006
SI.CC.002;BD.HH.001
SI.CC.002;BD.JJ.002
SI.CC.002;HB.AA.008
SI.CC.002;HB.AA.009
SI.CC.002;KD.DD.002
SI.CC.002;MS.BB.001
SI.CC.002;SI.AA.001
SI.CC.002;SI.CC.001
SI.CC.002;SI.CC.004
SI.CC.002;SI.CC.005
SI.CC.002;TS.AA.013
SI.CC.003;BD.AA.009
SI.CC.003;CH.AA.000
SI.CC.003;DP.BB.006
SI.CC.003;HB.AA.007
SI.CC.003;HB.AA.008
SI.CC.003;KD.EE.003
SI.CC.003;KD.FF.021
SI.CC.003;KD.II.001
SI.CC.003;LD.CC.004
SI.CC.003;PS.CC.001
SI.CC.003;SI.AA.001
SI.CC.003;SI.CC.001
SI.CC.003;SI.CC.002
SI.CC.003;TL.II.012
SI.CC.004;BD.HH.001
SI.CC.004;FT.HH.001
SI.CC.004;KD.EE.003
SI.CC.004;KD.HH.002
SI.CC.004;MS.BB.001
SI.CC.004;PS.JJ.003
SI.CC.004;SI.AA.001
SI.CC.004;SI.AA.005
SI.CC.004;SI.CC.001
SI.CC.004;SI.CC.002
SI.CC.004;TL.CC.008
SI.CC.005;KD.HH.003
SI.CC.005;LD.BB.002
SI.CC.005;SI.CC.001
SI.CC.005;SI.CC.002
SI.CC.005;SI.CC.004
SI.CC.006;AB.GG.003
SI.CC.006;FT.HH.001
SI.CC.006;KD.DD.002
SI.CC.006;KD.HH.005
SI.CC.006;LD.EE.002
SI.CC.006;LD.GG.009
SI.CC.006;SI.CC.004
SI.CC.006;SI.CC.005
SI.CC.006;TL.II.001
SI.CC.006;TL.JJ.004
SI.CC.006;TL.KK.002
SI.DD.001;SI.AA.003
SI.DD.001;SI.DD.002
SI.DD.001;SI.DD.003
SI.DD.002;KD.FF.016
SI.DD.002;PS.FF.001
SI.DD.002;SI.DD.001
SI.DD.002;SI.DD.003
SI.DD.003;KD.FF.016
SI.DD.003;SI.DD.001
SI.DD.003;SI.DD.002
TL.AA.000;TL.BB.000
TL.AA.000;TL.GG.001
TL.AA.000;TL.HH.001
TL.AA.000;TL.II.001
TL.BB.000;AB.BB.003
TL.BB.000;AB.CC.002
TL.BB.000;DS.BB.006
TL.BB.000;PS.FF.003
TL.BB.000;TL.BB.002
TL.BB.000;TL.BB.003
TL.BB.000;TL.BB.004
TL.BB.000;TL.BB.005
TL.BB.000;TL.BB.006
TL.BB.000;TL.BB.007
TL.BB.000;TL.BB.008
TL.BB.000;TL.CC.002
TL.BB.000;TL.CC.003
TL.BB.000;TL.CC.004
TL.BB.000;TL.CC.005
TL.BB.000;TL.CC.006
TL.BB.000;TL.CC.007
TL.BB.000;TL.CC.008
TL.BB.000;TL.CC.009
TL.BB.000;TL.DD.003
TL.BB.000;TL.DD.004
TL.BB.000;TL.DD.005
TL.BB.000;TL.DD.006
TL.BB.000;TL.EE.002
TL.BB.000;TL.EE.003
TL.BB.000;TL.EE.004
TL.BB.000;TL.EE.005
TL.BB.000;TL.EE.006
TL.BB.000;TL.EE.007
TL.BB.000;TL.EE.011
TL.BB.000;TL.EE.012
TL.BB.000;TL.FF.002
TL.BB.000;TL.FF.003
TL.BB.000;TL.FF.004
TL.BB.002;DS.BB.002
TL.BB.002;TL.BB.003
TL.BB.002;TL.CC.002
TL.BB.003;AB.DD.005
TL.BB.003;BD.II.002
TL.BB.003;BM.BB.001
TL.BB.003;KD.GG.006
TL.BB.003;PS.AA.000
TL.BB.003;PS.EE.002
TL.BB.003;PS.HH.004
TL.BB.003;TL.BB.004
TL.BB.003;TL.CC.005
TL.BB.003;TL.EE.006
TL.BB.003;TL.EE.011
TL.BB.003;TL.GG.002
TL.BB.004;BD.AA.003
TL.BB.004;DS.KK.007
TL.BB.004;TL.BB.003
TL.BB.004;TL.BB.005
TL.BB.004;TL.EE.003
TL.BB.004;TL.EE.011
TL.BB.004;TL.GG.002
TL.BB.004;TL.JJ.003
TL.BB.005;BD.AA.007
TL.BB.005;BD.II.002
TL.BB.005;DS.AA.001
TL.BB.005;DS.JJ.005
TL.BB.005;DS.JJ.006
TL.BB.005;MS.BB.001
TL.BB.005;SI.AA.005
TL.BB.005;TL.BB.006
TL.BB.005;TL.DD.002
TL.BB.005;TL.GG.004
TL.BB.005;TL.HH.001
TL.BB.006;BD.AA.005
TL.BB.006;BD.GG.002
TL.BB.006;KD.FF.019
TL.BB.006;LD.EE.002
TL.BB.006;PS.BB.009
TL.BB.006;PS.II.002
TL.BB.006;SI.AA.005
TL.BB.006;TL.BB.007
TL.BB.007;BD.AA.009
TL.BB.007;TL.BB.005
TL.BB.007;TL.BB.008
TL.BB.007;TL.EE.006
TL.BB.008;BD.AA.007
TL.BB.008;DS.KK.007
TL.BB.008;TL.BB.003
TL.BB.008;TL.BB.004
TL.BB.008;TL.CC.002
TL.BB.008;TL.EE.011
TL.BB.008;TL.GG.002
TL.CC.002;AB.BB.009
TL.CC.002;BM.AA.000
TL.CC.002;BM.AA.002
TL.CC.002;BM.AA.003
TL.CC.002;HB.AA.008
TL.CC.002;KD.BB.001
TL.CC.002;PS.BB.003
TL.CC.002;TL.CC.003
TL.CC.002;TL.CC.005
TL.CC.002;TL.EE.003
TL.CC.002;TL.EE.004
TL.CC.002;TS.AA.005
TL.CC.003;BM.AA.001
TL.CC.003;KD.EE.002
TL.CC.003;LD.AA.000
TL.CC.003;TL.BB.004
TL.CC.003;TL.CC.002
TL.CC.003;TL.CC.004
TL.CC.004;PS.FF.003
TL.CC.004;TL.CC.007
TL.CC.004;TL.EE.003
TL.CC.004;TL.EE.007
TL.CC.004;TL.EE.010
TL.CC.005;BD.JJ.003
TL.CC.005;KD.EE.001
TL.CC.005;TL.CC.006
TL.CC.005;TL.CC.007
TL.CC.006;BM.AA.008
TL.CC.006;ER.FF.001
TL.CC.006;KD.EE.001
TL.CC.006;KD.GG.004
TL.CC.006;LD.AA.000
TL.CC.006;LD.GG.009
TL.CC.006;SI.BB.001
TL.CC.006;SI.BB.005
TL.CC.006;TL.CC.005
TL.CC.006;TL.CC.008
TL.CC.007;PD.BB.000
TL.CC.007;TL.CC.006
TL.CC.007;TL.EE.003
TL.CC.007;TL.JJ.012
TL.CC.007;TS.AA.005
TL.CC.008;BD.HH.001
TL.CC.008;LD.AA.000
TL.CC.008;LD.AA.004
TL.CC.008;SI.CC.001
TL.CC.008;TL.CC.002
TL.CC.008;TL.DD.002
TL.CC.009;AB.CC.002
TL.CC.009;BD.HH.001
TL.CC.009;HB.AA.018
TL.CC.009;KD.FF.001
TL.CC.009;KD.FF.003
TL.CC.009;KD.FF.005
TL.CC.009;KD.FF.006
TL.CC.009;TL.HH.008
TL.DD.001;PS.FF.003
TL.DD.001;TL.DD.002
TL.DD.001;TL.DD.003
TL.DD.001;TL.DD.004
TL.DD.001;TL.DD.005
TL.DD.001;TL.DD.006
TL.DD.001;TL.DD.007
TL.DD.002;DD.AA.001
TL.DD.002;DS.II.004
TL.DD.002;HB.AA.003
TL.DD.002;KD.EE.004
TL.DD.002;KD.FF.002
TL.DD.002;KD.II.003
TL.DD.002;PS.DD.003
TL.DD.002;PS.EE.001
TL.DD.002;SI.AA.005
TL.DD.002;TL.CC.006
TL.DD.002;TL.DD.003
TL.DD.002;TL.EE.006
TL.DD.002;TL.GG.004
TL.DD.002;TL.JJ.006
TL.DD.003;BD.AA.007
TL.DD.003;DS.BB.001
TL.DD.003;HB.AA.000
TL.DD.003;KD.EE.001
TL.DD.003;LD.AA.004
TL.DD.003;LD.EE.002
TL.DD.003;LD.EE.003
TL.DD.003;PS.EE.001
TL.DD.003;PS.FF.003
TL.DD.003;PS.GG.016
TL.DD.003;TL.DD.006
TL.DD.003;TL.II.001
TL.DD.004;BD.AA.006
TL.DD.004;BD.AA.007
TL.DD.004;BD.HH.001
TL.DD.004;DS.KK.004
TL.DD.004;LD.AA.000
TL.DD.004;TL.CC.005
TL.DD.004;TL.CC.006
TL.DD.004;TL.EE.005
TL.DD.004;TL.EE.007
TL.DD.004;TL.GG.007
TL.DD.005;AB.BB.004
TL.DD.005;AB.DD.006
TL.DD.005;BD.AA.007
TL.DD.005;BD.DD.006
TL.DD.005;DS.KK.007
TL.DD.005;KD.GG.005
TL.DD.005;PS.DD.005
TL.DD.005;PS.FF.003
TL.DD.005;PS.GG.016
TL.DD.005;TL.CC.002
TL.DD.005;TL.DD.006
TL.DD.006;AB.DD.005
TL.DD.006;BD.AA.005
TL.DD.006;BD.AA.007
TL.DD.006;BD.II.002
TL.DD.006;DP.AA.003
TL.DD.006;DS.AA.001
TL.DD.006;DS.CC.001
TL.DD.006;DS.KK.003
TL.DD.006;ER.AA.000
TL.DD.006;HB.AA.002
TL.DD.006;HB.AA.011
TL.DD.006;HB.AA.012
TL.DD.006;HB.AA.014
TL.DD.006;KD.DD.002
TL.DD.006;KD.EE.004
TL.DD.006;LD.AA.004
TL.DD.006;LD.EE.002
TL.DD.006;TL.CC.005
TL.DD.006;TL.CC.006
TL.DD.006;TL.DD.005
TL.DD.006;TL.EE.003
TL.DD.007;DS.BB.003
TL.DD.007;KD.GG.004
TL.DD.007;PS.GG.019
TL.DD.007;PS.HH.002
TL.DD.007;PS.HH.004
TL.DD.007;TL.GG.002
TL.DD.007;TL.HH.003
TL.EE.001;AB.BB.003
TL.EE.001;AB.BB.004
TL.EE.001;TL.EE.002
TL.EE.001;TL.EE.003
TL.EE.001;TL.EE.004
TL.EE.001;TL.EE.005
TL.EE.001;TL.EE.006
TL.EE.001;TL.EE.007
TL.EE.001;TL.EE.008
TL.EE.001;TL.EE.009
TL.EE.001;TL.EE.010
TL.EE.001;TL.EE.011
TL.EE.001;TL.EE.012
TL.EE.002;AB.BB.010
TL.EE.002;LD.AA.006
TL.EE.002;PS.BB.007
TL.EE.002;PS.BB.009
TL.EE.002;PS.EE.001
TL.EE.002;PS.FF.002
TL.EE.002;PS.GG.003
TL.EE.002;TL.EE.003
TL.EE.002;TL.II.002
TL.EE.002;TS.AA.011
TL.EE.003;AB.DD.003
TL.EE.003;AB.GG.003
TL.EE.003;BD.AA.006
TL.EE.003;BD.HH.001
TL.EE.003;DS.AA.001
TL.EE.003;DS.JJ.003
TL.EE.003;DS.KK.004
TL.EE.003;KD.BB.007
TL.EE.003;KD.DD.003
TL.EE.003;KD.FF.001
TL.EE.003;KD.FF.003
TL.EE.003;KD.HH.005
TL.EE.003;LD.CC.003
TL.EE.003;LD.GG.009
TL.EE.003;PS.AA.000
TL.EE.003;TL.BB.005
TL.EE.003;TL.EE.004
TL.EE.003;TL.EE.005
TL.EE.003;TL.EE.007
TL.EE.003;TL.EE.008
TL.EE.003;TL.FF.002
TL.EE.003;TL.JJ.012
TL.EE.004;BD.AA.004
TL.EE.004;BM.DD.004
TL.EE.004;KD.FF.001
TL.EE.004;MS.BB.001
TL.EE.004;TL.CC.005
TL.EE.004;TL.CC.006
TL.EE.004;TL.EE.002
TL.EE.004;TL.EE.003
TL.EE.004;TL.EE.005
TL.EE.004;TL.EE.006
TL.EE.004;TL.EE.007
TL.EE.004;TL.GG.007
TL.EE.005;LD.EE.003
TL.EE.005;PS.BB.004
TL.EE.005;TL.EE.003
TL.EE.005;TL.EE.006
TL.EE.005;TL.EE.007
TL.EE.005;TL.GG.007
TL.EE.006;BD.AA.008
TL.EE.006;BM.AA.005
TL.EE.006;KD.DD.003
TL.EE.006;LD.GG.010
TL.EE.006;PS.AA.004
TL.EE.006;PS.II.009
TL.EE.006;TL.BB.003
TL.EE.006;TL.BB.004
TL.EE.006;TL.EE.007
TL.EE.006;TL.GG.002
TL.EE.006;TL.HH.004
TL.EE.007;BD.HH.001
TL.EE.007;BM.AA.000
TL.EE.007;BM.AA.007
TL.EE.007;BM.AA.014
TL.EE.007;TL.EE.003
TL.EE.007;TL.EE.006
TL.EE.007;TL.EE.011
TL.EE.007;TL.GG.004
TL.EE.007;TL.JJ.004
TL.EE.007;TL.JJ.012
TL.EE.008;AB.BB.010
TL.EE.008;KD.BB.007
TL.EE.008;TL.GG.003
TL.EE.008;TS.AA.005
TL.EE.009;BD.AA.003
TL.EE.009;BD.AA.007
TL.EE.009;KD.FF.001
TL.EE.009;KD.FF.003
TL.EE.009;LD.AA.006
TL.EE.009;MS.BB.001
TL.EE.009;PS.FF.003
TL.EE.009;TL.EE.003
TL.EE.009;TL.GG.008
TL.EE.009;TL.HH.008
TL.EE.009;TL.HH.010
TL.EE.010;HB.AA.008
TL.EE.010;HB.AA.009
TL.EE.010;KD.GG.006
TL.EE.010;PS.AA.000
TL.EE.010;TL.EE.006
TL.EE.010;TL.EE.007
TL.EE.011;AB.BB.009
TL.EE.011;TL.BB.003
TL.EE.011;TL.EE.012
TL.EE.012;AB.BB.003
TL.EE.012;AB.GG.006
TL.EE.012;BD.JJ.003
TL.EE.012;HB.AA.007
TL.EE.012;HB.AA.018
TL.EE.012;KD.DD.001
TL.EE.012;KD.DD.003
TL.EE.012;KD.EE.001
TL.EE.012;KD.FF.001
TL.EE.012;KD.FF.003
TL.EE.012;KD.GG.001
TL.EE.012;KD.GG.004
TL.EE.012;KD.JJ.004
TL.EE.012;KD.JJ.007
TL.EE.012;PS.EE.002
TL.EE.012;SI.AA.001
TL.EE.012;TL.BB.003
TL.EE.012;TL.BB.004
TL.EE.012;TL.CC.005
TL.EE.012;TL.CC.006
TL.EE.012;TL.FF.002
TL.EE.012;TL.GG.002
TL.EE.012;TS.AA.001
TL.EE.012;TS.AA.002
TL.EE.013;MS.BB.001
TL.EE.013;PS.EE.002
TL.EE.013;PS.HH.004
TL.FF.001;DS.BB.006
TL.FF.001;TL.FF.002
TL.FF.001;TL.FF.003
TL.FF.001;TL.FF.004
TL.FF.001;TL.FF.005
TL.FF.002;DS.BB.006
TL.FF.002;TL.EE.003
TL.FF.002;TL.EE.004
TL.FF.002;TL.GG.007
TL.FF.002;TL.GG.011
TL.FF.003;AB.DD.004
TL.FF.003;KD.DD.002
TL.FF.003;KD.GG.006
TL.FF.003;KD.JJ.004
TL.FF.003;TL.CC.005
TL.FF.003;TL.EE.006
TL.FF.003;TL.EE.007
TL.FF.003;TL.FF.004
TL.FF.004;BD.AA.004
TL.FF.004;DP.AA.003
TL.FF.004;DS.AA.002
TL.FF.004;KD.AA.000
TL.FF.004;LD.DD.002
TL.FF.004;TL.BB.005
TL.FF.004;TL.CC.002
TL.FF.004;TL.EE.006
TL.FF.004;TL.FF.002
TL.FF.004;TL.GG.003
TL.FF.005;BM.BB.001
TL.FF.005;DS.KK.007
TL.FF.005;KD.HH.001
TL.FF.005;KD.HH.005
TL.FF.005;LD.EE.002
TL.FF.005;SI.BB.001
TL.FF.005;TL.BB.003
TL.FF.005;TL.EE.003
TL.FF.005;TL.HH.007
TL.FF.005;TL.II.001
TL.FF.005;TL.II.002
TL.FF.005;TL.II.008
TL.FF.005;TL.II.013
TL.FF.005;TL.KK.001
TL.GG.001;TL.GG.002
TL.GG.001;TL.GG.003
TL.GG.001;TL.GG.004
TL.GG.001;TL.GG.005
TL.GG.001;TL.GG.006
TL.GG.001;TL.GG.007
TL.GG.001;TL.GG.008
TL.GG.001;TL.GG.009
TL.GG.001;TL.GG.010
TL.GG.001;TL.GG.011
TL.GG.001;TL.GG.012
TL.GG.002;BM.BB.001
TL.GG.002;PS.FF.003
TL.GG.002;TL.BB.004
TL.GG.002;TL.GG.003
TL.GG.002;TL.HH.004
TL.GG.003;AB.AA.000
TL.GG.003;BD.HH.001
TL.GG.003;DS.AA.002
TL.GG.003;DS.BB.001
TL.GG.003;TL.GG.002
TL.GG.003;TL.GG.006
TL.GG.004;AB.DD.003
TL.GG.004;AB.DD.008
TL.GG.004;BD.AA.007
TL.GG.004;BD.HH.001
TL.GG.004;BD.II.002
TL.GG.004;DS.BB.002
TL.GG.004;DS.KK.004
TL.GG.004;KD.GG.006
TL.GG.004;MS.CC.006
TL.GG.004;TL.EE.003
TL.GG.004;TL.EE.004
TL.GG.004;TL.EE.007
TL.GG.005;AB.DD.003
TL.GG.005;AB.DD.008
TL.GG.005;BD.AA.007
TL.GG.005;BD.HH.001
TL.GG.005;BD.II.002
TL.GG.005;DP.AA.004
TL.GG.005;DS.JJ.003
TL.GG.005;DS.KK.004
TL.GG.005;KD.GG.006
TL.GG.005;MS.CC.006
TL.GG.005;TL.EE.003
TL.GG.005;TL.EE.004
TL.GG.005;TL.EE.007
TL.GG.005;TL.GG.007
TL.GG.006;BD.AA.002
TL.GG.006;BD.HH.001
TL.GG.006;KD.AA.000
TL.GG.006;KD.FF.001
TL.GG.006;KD.FF.003
TL.GG.006;TL.BB.004
TL.GG.006;TL.GG.002
TL.GG.006;TL.GG.004
TL.GG.006;TL.HH.004
TL.GG.006;TL.JJ.003
TL.GG.007;BD.AA.008
TL.GG.007;BD.HH.001
TL.GG.007;BM.AA.000
TL.GG.007;BM.AA.002
TL.GG.007;BM.AA.005
TL.GG.007;TL.BB.004
TL.GG.007;TL.BB.005
TL.GG.007;TL.EE.003
TL.GG.007;TL.EE.011
TL.GG.007;TL.HH.011
TL.GG.008;AB.GG.002
TL.GG.008;BD.AA.004
TL.GG.008;BD.AA.007
TL.GG.008;BD.II.002
TL.GG.008;DS.AA.001
TL.GG.008;DS.JJ.003
TL.GG.008;DS.KK.005
TL.GG.008;HB.AA.007
TL.GG.008;HB.AA.011
TL.GG.008;LD.GG.009
TL.GG.008;PS.FF.003
TL.GG.008;TL.BB.005
TL.GG.008;TL.EE.003
TL.GG.008;TL.EE.009
TL.GG.008;TL.GG.003
TL.GG.008;TL.GG.009
TL.GG.008;TL.HH.010
TL.GG.008;TL.JJ.010
TL.GG.008;TL.JJ.012
TL.GG.009;AB.DD.003
TL.GG.009;BD.II.004
TL.GG.009;SI.AA.005
TL.GG.009;TL.DD.002
TL.GG.010;BD.AA.007
TL.GG.010;PS.EE.002
TL.GG.010;TL.CC.005
TL.GG.010;TL.GG.007
TL.GG.011;AB.BB.001
TL.GG.011;BD.AA.007
TL.GG.011;BD.AA.008
TL.GG.011;BD.HH.001
TL.GG.011;BD.II.002
TL.GG.011;BM.AA.001
TL.GG.011;DP.BB.004
TL.GG.011;PS.EE.001
TL.GG.011;PS.FF.003
TL.GG.011;TL.BB.003
TL.GG.011;TL.BB.004
TL.GG.011;TL.EE.003
TL.GG.011;TL.GG.007
TL.GG.011;TS.AA.000
TL.GG.012;AB.DD.008
TL.GG.012;BM.BB.004
TL.GG.012;BM.DD.004
TL.GG.012;TS.AA.009
TL.HH.001;TL.HH.002
TL.HH.001;TL.HH.003
TL.HH.001;TL.HH.004
TL.HH.001;TL.HH.005
TL.HH.001;TL.HH.006
TL.HH.001;TL.HH.007
TL.HH.001;TL.HH.008
TL.HH.001;TL.HH.009
TL.HH.001;TL.HH.010
TL.HH.001;TL.HH.011
TL.HH.001;TL.II.001
TL.HH.002;AB.BB.008
TL.HH.002;BC.AA.004
TL.HH.002;TL.JJ.007
TL.HH.003;AB.GG.005
TL.HH.003;BD.DD.001
TL.HH.003;BD.HH.003
TL.HH.003;BM.BB.001
TL.HH.003;IS.CC.003
TL.HH.003;IS.CC.007
TL.HH.003;KD.GG.006
TL.HH.003;KD.HH.003
TL.HH.003;LD.AA.000
TL.HH.003;PS.FF.003
TL.HH.003;PS.GG.006
TL.HH.003;TL.BB.003
TL.HH.003;TL.BB.004
TL.HH.003;TL.GG.002
TL.HH.003;TL.HH.004
TL.HH.003;TS.AA.011
TL.HH.004;BD.AA.008
TL.HH.004;BM.AA.005
TL.HH.004;KD.DD.003
TL.HH.004;PS.JJ.003
TL.HH.004;TL.BB.003
TL.HH.004;TL.BB.004
TL.HH.004;TL.GG.002
TL.HH.004;TL.HH.003
TL.HH.004;TL.HH.008
TL.HH.005;DS.FF.004
TL.HH.005;KD.FF.027
TL.HH.005;KD.HH.003
TL.HH.005;PS.JJ.003
TL.HH.005;SI.AA.001
TL.HH.005;SI.AA.008
TL.HH.005;TL.EE.002
TL.HH.005;TL.HH.001
TL.HH.006;BD.II.003
TL.HH.006;BM.AA.003
TL.HH.006;CH.BB.002
TL.HH.006;FT.BB.001
TL.HH.006;KD.DD.002
TL.HH.006;KD.EE.001
TL.HH.006;KD.FF.001
TL.HH.006;LD.GG.009
TL.HH.006;SI.AA.005
TL.HH.006;TL.JJ.006
TL.HH.006;TL.KK.002
TL.HH.006;TS.AA.003
TL.HH.007;AB.EE.002
TL.HH.007;BD.JJ.002
TL.HH.007;BD.JJ.003
TL.HH.007;BM.AA.006
TL.HH.007;BM.AA.013
TL.HH.007;KD.BB.002
TL.HH.007;KD.FF.003
TL.HH.007;KD.HH.003
TL.HH.007;LD.EE.003
TL.HH.007;MS.BB.001
TL.HH.007;PS.BB.009
TL.HH.007;TL.CC.005
TL.HH.007;TL.HH.010
TL.HH.007;TL.HH.011
TL.HH.007;TL.JJ.011
TL.HH.008;BD.HH.001
TL.HH.008;DS.KK.002
TL.HH.008;KD.AA.000
TL.HH.008;TL.HH.010
TL.HH.008;TL.JJ.003
TL.HH.009;BD.AA.006
TL.HH.009;BD.AA.007
TL.HH.009;BD.HH.001
TL.HH.009;KD.FF.001
TL.HH.009;KD.FF.003
TL.HH.009;TL.CC.004
TL.HH.009;TL.CC.005
TL.HH.009;TL.EE.003
TL.HH.009;TL.GG.007
TL.HH.009;TL.HH.008
TL.HH.009;TL.HH.010
TL.HH.010;BD.HH.001
TL.HH.010;KD.EE.002
TL.HH.010;KD.FF.001
TL.HH.010;TL.EE.003
TL.HH.010;TL.EE.009
TL.HH.010;TL.HH.004
TL.HH.010;TS.AA.004
TL.HH.011;BD.AA.008
TL.HH.011;BD.JJ.002
TL.HH.011;KD.EE.002
TL.HH.011;TL.GG.004
TL.HH.011;TL.GG.007
TL.HH.011;TL.HH.004
TL.II.001;AB.GG.002
TL.II.001;AB.GG.003
TL.II.001;BM.AA.014
TL.II.001;LD.GG.001
TL.II.001;LD.GG.009
TL.II.001;PS.AA.007
TL.II.001;TL.HH.010
TL.II.001;TL.II.002
TL.II.001;TL.JJ.002
TL.II.001;TL.JJ.003
TL.II.001;TL.JJ.004
TL.II.001;TL.JJ.005
TL.II.001;TL.JJ.006
TL.II.001;TL.JJ.007
TL.II.001;TL.JJ.008
TL.II.001;TL.JJ.009
TL.II.001;TL.JJ.010
TL.II.001;TL.JJ.011
TL.II.001;TL.JJ.012
TL.II.001;TL.KK.001
TL.II.001;TL.LL.001
TL.II.002;CH.AA.004
TL.II.002;CH.BB.001
TL.II.002;IS.BB.001
TL.II.002;IS.CC.004
TL.II.002;KD.JJ.004
TL.II.002;TL.II.006
TL.II.002;TL.II.007
TL.II.002;TL.II.008
TL.II.002;TL.II.009
TL.II.002;TL.II.010
TL.II.002;TL.II.011
TL.II.002;TL.II.012
TL.II.002;TL.II.013
TL.II.002;TL.II.014
TL.II.005;BM.CC.004
TL.II.005;CH.BB.001
TL.II.005;IS.BB.001
TL.II.005;IS.BB.011
TL.II.005;KD.JJ.004
TL.II.005;TL.GG.002
TL.II.005;TL.II.002
TL.II.006;CH.BB.001
TL.II.006;CH.BB.003
TL.II.006;ER.DD.002
TL.II.006;ER.FF.002
TL.II.006;IS.BB.001
TL.II.006;IS.BB.009
TL.II.006;IS.BB.011
TL.II.006;KD.JJ.006
TL.II.006;TL.II.002
TL.II.006;TS.AA.011
TL.II.007;AB.BB.008
TL.II.007;AB.GG.004
TL.II.007;DS.FF.001
TL.II.007;IS.BB.002
TL.II.007;IS.BB.009
TL.II.007;IS.BB.011
TL.II.007;IS.CC.003
TL.II.007;KD.GG.004
TL.II.007;KD.LL.002
TL.II.007;PS.DD.007
TL.II.007;PS.HH.003
TL.II.007;SI.AA.010
TL.II.008;CH.BB.001
TL.II.008;DP.AA.004
TL.II.008;DS.DD.001
TL.II.008;DS.DD.005
TL.II.008;IS.BB.001
TL.II.008;IS.BB.004
TL.II.008;KD.JJ.004
TL.II.008;PS.BB.009
TL.II.008;PS.GG.008
TL.II.008;TL.GG.005
TL.II.008;TL.HH.006
TL.II.008;TL.II.002
TL.II.008;TL.II.007
TL.II.009;CH.BB.006
TL.II.009;IS.BB.010
TL.II.009;IS.CC.003
TL.II.009;IS.CC.004
TL.II.009;KD.DD.003
TL.II.009;KD.GG.004
TL.II.009;KD.HH.003
TL.II.009;KD.JJ.003
TL.II.009;KD.LL.002
TL.II.009;LD.AA.000
TL.II.009;PS.AA.003
TL.II.009;PS.DD.007
TL.II.009;PS.EE.002
TL.II.009;PS.HH.003
TL.II.009;PS.HH.004
TL.II.009;PS.JJ.003
TL.II.009;PS.KK.002
TL.II.009;SI.AA.010
TL.II.009;SI.CC.003
TL.II.009;TL.BB.004
TL.II.009;TL.EE.006
TL.II.009;TL.GG.002
TL.II.009;TL.GG.004
TL.II.009;TL.GG.007
TL.II.009;TL.II.002
TL.II.009;TL.II.008
TL.II.010;CH.BB.001
TL.II.010;IS.BB.008
TL.II.010;TL.II.002
TL.II.010;TL.II.008
TL.II.010;TL.II.009
TL.II.010;TS.AA.011
TL.II.011;BD.CC.006
TL.II.011;IS.BB.011
TL.II.011;KD.JJ.004
TL.II.011;PS.GG.021
TL.II.011;TL.II.002
TL.II.011;TL.II.009
TL.II.012;BA.AA.004
TL.II.012;CH.BB.006
TL.II.012;DS.DD.001
TL.II.012;DS.DD.005
TL.II.012;IS.BB.004
TL.II.012;IS.BB.011
TL.II.012;NP.BB.002
TL.II.012;PS.DD.005
TL.II.012;PS.HH.001
TL.II.012;PS.II.009
TL.II.012;TL.II.002
TL.II.012;TL.II.007
TL.II.012;TL.II.008
TL.II.012;TL.II.010
TL.II.013;DS.DD.004
TL.II.013;DS.DD.005
TL.II.013;DS.DD.009
TL.II.013;IS.BB.011
TL.II.013;IS.CC.004
TL.II.013;KD.GG.004
TL.II.013;PS.CC.002
TL.II.013;PS.DD.007
TL.II.013;PS.EE.002
TL.II.013;TL.II.007
TL.II.013;TL.II.008
TL.II.013;TL.II.012
TL.II.014;AB.BB.003
TL.II.014;IS.CC.004
TL.II.014;KD.DD.002
TL.II.014;KD.HH.009
TL.II.014;KD.JJ.001
TL.II.014;KD.JJ.002
TL.II.014;LD.FF.006
TL.II.014;PS.EE.002
TL.II.014;PS.II.007
TL.II.014;SI.AA.011
TL.II.014;TL.II.002
TL.II.014;TL.II.007
TL.II.014;TL.II.010
TL.II.014;TL.II.013
TL.II.014;TS.AA.004
TL.JJ.003;BD.HH.001
TL.JJ.003;ER.FF.001
TL.JJ.003;KD.AA.000
TL.JJ.003;KD.EE.001
TL.JJ.003;KD.FF.001
TL.JJ.003;KD.FF.003
TL.JJ.003;PS.EE.001
TL.JJ.003;TL.HH.009
TL.JJ.003;TL.JJ.008
TL.JJ.004;BD.AA.007
TL.JJ.004;BD.HH.001
TL.JJ.004;DS.AA.001
TL.JJ.004;DS.JJ.003
TL.JJ.004;TL.BB.000
TL.JJ.004;TL.BB.002
TL.JJ.004;TL.JJ.005
TL.JJ.005;AB.BB.008
TL.JJ.005;LD.AA.000
TL.JJ.005;TL.EE.003
TL.JJ.005;TL.EE.007
TL.JJ.005;TL.GG.012
TL.JJ.005;TL.HH.010
TL.JJ.005;TL.JJ.004
TL.JJ.005;TL.JJ.011
TL.JJ.005;TS.AA.011
TL.JJ.006;AB.BB.008
TL.JJ.006;BC.AA.004
TL.JJ.006;BM.AA.004
TL.JJ.006;DS.BB.010
TL.JJ.006;HB.AA.011
TL.JJ.006;KD.CC.003
TL.JJ.006;KD.DD.002
TL.JJ.006;KD.FF.003
TL.JJ.006;MS.BB.001
TL.JJ.006;SI.CC.006
TL.JJ.006;TL.HH.004
TL.JJ.006;TL.JJ.007
TL.JJ.006;TL.JJ.008
TL.JJ.006;TL.JJ.009
TL.JJ.006;TL.LL.001
TL.JJ.007;BC.AA.004
TL.JJ.007;IS.BB.004
TL.JJ.007;KD.FF.005
TL.JJ.007;KD.GG.006
TL.JJ.007;TL.JJ.009
TL.JJ.008;BD.AA.002
TL.JJ.008;DP.AA.003
TL.JJ.008;DS.BB.001
TL.JJ.008;ER.EE.002
TL.JJ.008;FT.BB.001
TL.JJ.008;KD.GG.004
TL.JJ.008;LD.GG.009
TL.JJ.008;MS.BB.001
TL.JJ.008;PS.EE.001
TL.JJ.008;PS.EE.002
TL.JJ.008;PS.EE.007
TL.JJ.008;PS.EE.008
TL.JJ.008;SI.CC.006
TL.JJ.008;TL.DD.002
TL.JJ.008;TL.GG.005
TL.JJ.008;TL.II.002
TL.JJ.008;TL.JJ.006
TL.JJ.008;TL.JJ.007
TL.JJ.008;TL.JJ.011
TL.JJ.008;TS.AA.011
TL.JJ.009;BC.AA.004
TL.JJ.009;DS.DD.001
TL.JJ.009;HB.AA.008
TL.JJ.009;KD.EE.002
TL.JJ.009;KD.HH.005
TL.JJ.009;KD.JJ.006
TL.JJ.009;PS.EE.001
TL.JJ.009;TL.DD.003
TL.JJ.009;TL.JJ.008
TL.JJ.010;BD.AA.007
TL.JJ.010;KD.JJ.006
TL.JJ.010;LD.EE.003
TL.JJ.010;PS.EE.001
TL.JJ.010;SI.AA.005
TL.JJ.010;TL.DD.006
TL.JJ.010;TL.EE.004
TL.JJ.010;TL.EE.010
TL.JJ.010;TL.HH.003
TL.JJ.010;TL.HH.004
TL.JJ.010;TS.AA.011
TL.JJ.011;BM.AA.015
TL.JJ.011;BM.DD.005
TL.JJ.011;KD.FF.001
TL.JJ.011;KD.FF.003
TL.JJ.011;KD.GG.006
TL.JJ.011;KD.HH.005
TL.JJ.011;PS.FF.003
TL.JJ.011;SI.AA.011
TL.JJ.011;TL.EE.005
TL.JJ.011;TL.HH.004
TL.JJ.011;TL.JJ.003
TL.JJ.011;TL.JJ.004
TL.JJ.011;TL.JJ.005
TL.JJ.011;TL.JJ.006
TL.JJ.011;TL.JJ.008
TL.JJ.011;TL.JJ.009
TL.JJ.011;TS.AA.004
TL.JJ.011;TS.AA.011
TL.JJ.012;BD.AA.004
TL.JJ.012;BD.AA.007
TL.JJ.012;KD.FF.010
TL.JJ.012;KD.FF.020
TL.JJ.012;KD.FF.021
TL.JJ.012;KD.HH.005
TL.JJ.012;KD.JJ.004
TL.JJ.012;KD.JJ.006
TL.JJ.012;LD.GG.009
TL.JJ.012;SI.AA.005
TL.JJ.012;TL.EE.003
TL.JJ.012;TL.EE.005
TL.JJ.012;TL.EE.007
TL.JJ.012;TL.HH.010
TL.JJ.012;TL.JJ.008
TL.KK.001;BA.AA.002
TL.KK.001;PS.BB.004
TL.KK.001;PS.KK.002
TL.KK.001;TL.II.009
TL.KK.001;TL.KK.002
TL.KK.001;TL.KK.003
TL.KK.001;TL.KK.004
TL.KK.002;AB.GG.005
TL.KK.002;DS.KK.007
TL.KK.002;KD.BB.007
TL.KK.002;LD.AA.000
TL.KK.002;LD.AA.007
TL.KK.002;LD.AA.009
TL.KK.002;PS.HH.003
TL.KK.002;TL.BB.003
TL.KK.003;BD.AA.004
TL.KK.003;BM.AA.001
TL.KK.003;KD.HH.005
TL.KK.003;PS.EE.002
TL.KK.003;SI.CC.001
TL.KK.003;TL.BB.005
TL.KK.003;TL.EE.005
TL.KK.003;TL.EE.010
TL.KK.003;TL.HH.010
TL.KK.004;AB.CC.007
TL.KK.004;BM.BB.001
TL.KK.004;KD.HH.003
TL.KK.004;PS.BB.004
TL.KK.004;PS.HH.002
TL.KK.004;PS.II.007
TL.KK.004;TL.DD.007
TL.KK.004;TL.KK.002
TL.LL.001;AB.DD.001
TL.LL.001;TL.LL.002
TL.LL.001;TL.LL.003
TL.LL.001;TL.LL.004
TL.LL.001;TL.LL.005
TL.LL.002;KD.II.001
TL.LL.002;PS.AA.000
TL.LL.002;PS.BB.009
TL.LL.002;PS.EE.001
TL.LL.002;TL.LL.003
TL.LL.002;TS.AA.002
TL.LL.003;AB.DD.001
TL.LL.003;AB.DD.004
TL.LL.003;AB.DD.007
TL.LL.003;AB.GG.004
TL.LL.003;KD.II.001
TL.LL.003;KD.II.002
TL.LL.003;KD.II.003
TL.LL.003;PS.JJ.003
TL.LL.003;TL.EE.006
TL.LL.003;TL.LL.001
TL.LL.003;TL.LL.002
TL.LL.003;TL.LL.004
TL.LL.004;AB.DD.001
TL.LL.004;AB.DD.003
TL.LL.004;PS.EE.002
TL.LL.004;TL.KK.002
TL.LL.004;TL.KK.003
TL.LL.004;TL.LL.003
TL.LL.004;TL.LL.005
TL.LL.005;AB.BB.009
TL.LL.005;AB.CC.001
TL.LL.005;AB.CC.006
TL.LL.005;AB.DD.004
TL.LL.005;BD.HH.005
TL.LL.005;BM.AA.003
TL.LL.005;BM.AA.007
TL.LL.005;BM.AA.008
TL.LL.005;BM.BB.001
TL.LL.005;CH.AA.004
TL.LL.005;DS.FF.007
TL.LL.005;KD.GG.006
TL.LL.005;PS.II.007
TL.LL.005;SI.AA.010
TL.LL.005;SI.BB.001
TL.LL.005;TL.II.009
TL.LL.005;TL.LL.004
TS.AA.000;TS.AA.001
TS.AA.000;TS.AA.002
TS.AA.000;TS.AA.003
TS.AA.000;TS.AA.004
TS.AA.000;TS.AA.005
TS.AA.000;TS.AA.006
TS.AA.000;TS.AA.007
TS.AA.000;TS.AA.008
TS.AA.000;TS.AA.009
TS.AA.000;TS.AA.010
TS.AA.000;TS.AA.011
TS.AA.000;TS.AA.012
TS.AA.000;TS.AA.013
TS.AA.001;FT.FF.001
TS.AA.001;HB.AA.008
TS.AA.001;HB.AA.009
TS.AA.001;TS.AA.002
TS.AA.002;FT.FF.001
TS.AA.002;HB.AA.008
TS.AA.002;HB.AA.009
TS.AA.002;TS.AA.001
TS.AA.003;HB.AA.007
TS.AA.003;KD.DD.002
TS.AA.003;KD.FF.003
TS.AA.003;PS.EE.002
TS.AA.004;AB.BB.010
TS.AA.004;BM.DD.005
TS.AA.004;ER.EE.003
TS.AA.004;LD.FF.008
TS.AA.005;PS.II.007
TS.AA.005;TL.BB.000
TS.AA.005;TL.BB.004
TS.AA.005;TL.CC.002
TS.AA.005;TL.EE.011
TS.AA.005;TL.GG.001
TS.AA.005;TL.GG.002
TS.AA.005;TL.HH.001
TS.AA.005;TL.HH.004
TS.AA.006;AB.GG.004
TS.AA.006;BD.JJ.002
TS.AA.006;KD.DD.003
TS.AA.006;TS.AA.007
TS.AA.008;AB.EE.002
TS.AA.008;AB.GG.004
TS.AA.008;KD.LL.002
TS.AA.008;TS.AA.006
TS.AA.009;AB.CC.004
TS.AA.009;PS.AA.003
TS.AA.009;PS.HH.003
TS.AA.009;TL.EE.003
TS.AA.009;TS.AA.011
TS.AA.010;AB.BB.010
TS.AA.010;KD.FF.027
TS.AA.010;SI.AA.005
TS.AA.010;SI.BB.001
TS.AA.011;KD.HH.002
TS.AA.011;KD.HH.005
TS.AA.011;TL.EE.009
TS.AA.011;TL.HH.003
TS.AA.011;TL.HH.006
TS.AA.011;TL.JJ.012
TS.AA.011;TS.AA.005
TS.AA.011;TS.AA.009
TS.AA.013;DS.FF.004
TS.AA.013;SI.AA.007
TS.AA.013;SI.AA.010
TS.AA.013;SI.CC.002
TS.AA.013;TL.GG.012
